epoch,train_loss,train_acc,train_precision_pos,train_precision_neg,train_recall_pos,train_recall_neg,train_F1_pos,train_F1_neg,train_AUC,val_loss,val_acc,val_precision_pos,val_precision_neg,val_recall_pos,val_recall_neg,val_F1_pos,val_F1_neg,val_AUC,test_loss,test_acc,test_precision_pos,test_precision_neg,test_recall_pos,test_recall_neg,test_F1_pos,test_F1_neg,test_AUC
1,0.396599322253344,85.70648193359375,0.08713410794734955,0.8929818868637085,0.03659233823418617,0.9544821977615356,0.05154016613960266,0.9227083921432495,0.579808269167819,0.0,0.0,0.0,0.0,0.0,0.0,0.0,0.0,0.0,0.0,0.0,0.0,0.0,0.0,0.0,0.0,0.0,0.0
2,0.323250982986421,88.50389862060547,0.3282172381877899,0.8997259736061096,0.07947398722171783,0.9806863069534302,0.12796317040920258,0.9384632706642151,0.7473198764639064,0.0,0.0,0.0,0.0,0.0,0.0,0.0,0.0,0.0,0.0,0.0,0.0,0.0,0.0,0.0,0.0,0.0,0.0
3,0.29356100410223007,88.80730438232422,0.3721552789211273,0.9000372290611267,0.07947398722171783,0.9840806722640991,0.13097761571407318,0.9401845335960388,0.804042708321022,0.0,0.0,0.0,0.0,0.0,0.0,0.0,0.0,0.0,0.0,0.0,0.0,0.0,0.0,0.0,0.0,0.0,0.0
4,0.2648605462543818,89.01665496826172,0.39590445160865784,0.8991134762763977,0.06632361561059952,0.9879841208457947,0.11361411213874817,0.941456139087677,0.8438848345000258,0.0,0.0,0.0,0.0,0.0,0.0,0.0,0.0,0.0,0.0,0.0,0.0,0.0,0.0,0.0,0.0,0.0,0.0
5,0.2454178270940878,89.15319061279297,0.4507042169570923,0.9022313356399536,0.10062892735004425,0.985438346862793,0.16452442109584808,0.9420009851455688,0.8700080698986512,0.0,0.0,0.0,0.0,0.0,0.0,0.0,0.0,0.0,0.0,0.0,0.0,0.0,0.0,0.0,0.0,0.0,0.0
6,0.2278121776726781,89.40198516845703,0.5026795268058777,0.9054206013679504,0.13407661020755768,0.9842503666877747,0.21169035136699677,0.9431912302970886,0.8903996870473819,0.0,0.0,0.0,0.0,0.0,0.0,0.0,0.0,0.0,0.0,0.0,0.0,0.0,0.0,0.0,0.0,0.0,0.0
7,0.22004555150562402,89.84799194335938,0.5555555820465088,0.9133297204971313,0.2172670066356659,0.9793625473976135,0.31237155199050903,0.9451942443847656,0.8979187610665876,0.0,0.0,0.0,0.0,0.0,0.0,0.0,0.0,0.0,0.0,0.0,0.0,0.0,0.0,0.0,0.0,0.0,0.0
8,0.20792776026896068,91.01307678222656,0.6422505378723145,0.926371693611145,0.3459119498729706,0.9771223068237305,0.4496469795703888,0.9510704278945923,0.911362093977038,0.0,0.0,0.0,0.0,0.0,0.0,0.0,0.0,0.0,0.0,0.0,0.0,0.0,0.0,0.0,0.0,0.0,0.0
9,0.2031684637982018,91.3134536743164,0.6356257796287537,0.9343523383140564,0.4253859221935272,0.9710464477539062,0.5096762776374817,0.9523460268974304,0.9141815999673493,0.0,0.0,0.0,0.0,0.0,0.0,0.0,0.0,0.0,0.0,0.0,0.0,0.0,0.0,0.0,0.0,0.0,0.0
10,0.19615550567300952,92.14175415039062,0.6810207366943359,0.9412170648574829,0.4882790148258209,0.9728454351425171,0.5687646269798279,0.9567699432373047,0.9191894269849904,0.0,0.0,0.0,0.0,0.0,0.0,0.0,0.0,0.0,0.0,0.0,0.0,0.0,0.0,0.0,0.0,0.0,0.0
11,0.18870207910635034,92.68181610107422,0.6975982785224915,0.9476680755615234,0.5480274558067322,0.9717932343482971,0.6138328313827515,0.9595790505409241,0.9249874420911217,0.0,0.0,0.0,0.0,0.0,0.0,0.0,0.0,0.0,0.0,0.0,0.0,0.0,0.0,0.0,0.0,0.0,0.0
12,0.18664628981935735,93.29773712158203,0.7325875163078308,0.951371431350708,0.5803316235542297,0.9748480916023254,0.6476311683654785,0.9629667401313782,0.9246049699994892,0.0,0.0,0.0,0.0,0.0,0.0,0.0,0.0,0.0,0.0,0.0,0.0,0.0,0.0,0.0,0.0,0.0,0.0
13,0.18111891117022963,93.49191284179688,0.7336787581443787,0.9542974829673767,0.6072041392326355,0.9738298058509827,0.664476752281189,0.9639647006988525,0.9304950673807038,0.0,0.0,0.0,0.0,0.0,0.0,0.0,0.0,0.0,0.0,0.0,0.0,0.0,0.0,0.0,0.0,0.0,0.0
14,0.1770968604452756,93.95309448242188,0.7560394406318665,0.9574949741363525,0.6352201104164124,0.9756627678871155,0.6903837323188782,0.9664934873580933,0.9316321347703738,0.0,0.0,0.0,0.0,0.0,0.0,0.0,0.0,0.0,0.0,0.0,0.0,0.0,0.0,0.0,0.0,0.0,0.0
15,0.17770041069205927,94.26256561279297,0.7720961570739746,0.9594081044197083,0.6518010497093201,0.9771562218666077,0.7068671584129333,0.9682008028030396,0.9304139210584124,0.0,0.0,0.0,0.0,0.0,0.0,0.0,0.0,0.0,0.0,0.0,0.0,0.0,0.0,0.0,0.0,0.0,0.0
16,0.17293877367462432,94.53563690185547,0.788311243057251,0.9607542753219604,0.663236141204834,0.9788534045219421,0.7203850150108337,0.9697194695472717,0.9351036253818824,0.0,0.0,0.0,0.0,0.0,0.0,0.0,0.0,0.0,0.0,0.0,0.0,0.0,0.0,0.0,0.0,0.0,0.0
17,0.17196261624292453,94.72071075439453,0.7975625991821289,0.9619396924972534,0.673527717590332,0.9797019958496094,0.7303162217140198,0.9707396030426025,0.9339929663289681,0.0,0.0,0.0,0.0,0.0,0.0,0.0,0.0,0.0,0.0,0.0,0.0,0.0,0.0,0.0,0.0,0.0,0.0
18,0.16553956148575763,94.8936538696289,0.802399218082428,0.9636157155036926,0.6883933544158936,0.9798716902732849,0.741037130355835,0.9716757535934448,0.9404756962859039,0.0,0.0,0.0,0.0,0.0,0.0,0.0,0.0,0.0,0.0,0.0,0.0,0.0,0.0,0.0,0.0,0.0,0.0
19,0.16615822683183515,95.0574951171875,0.8141176700592041,0.9641141891479492,0.6923956274986267,0.9812294244766235,0.7483391761779785,0.9725965261459351,0.938421537178096,0.0,0.0,0.0,0.0,0.0,0.0,0.0,0.0,0.0,0.0,0.0,0.0,0.0,0.0,0.0,0.0,0.0,0.0
20,0.16680285212944965,95.1242446899414,0.8113269805908203,0.96544349193573,0.704402506351471,0.9805505871772766,0.7540934085845947,0.9729383587837219,0.9365952379136421,0.0,0.0,0.0,0.0,0.0,0.0,0.0,0.0,0.0,0.0,0.0,0.0,0.0,0.0,0.0,0.0,0.0,0.0
21,0.16138708249342684,95.21223449707031,0.8215003609657288,0.9651352763175964,0.7012578845024109,0.9819082617759705,0.7566317319869995,0.9734494686126709,0.9413962667432397,0.0,0.0,0.0,0.0,0.0,0.0,0.0,0.0,0.0,0.0,0.0,0.0,0.0,0.0,0.0,0.0,0.0,0.0
22,0.16239730010227282,95.36697387695312,0.8260006904602051,0.9665619730949402,0.7138364911079407,0.9821459054946899,0.7658334970474243,0.9742916226387024,0.9412801001426642,0.0,0.0,0.0,0.0,0.0,0.0,0.0,0.0,0.0,0.0,0.0,0.0,0.0,0.0,0.0,0.0,0.0,0.0
23,0.15693411261451487,95.4974365234375,0.8358905911445618,0.966890275478363,0.7164093852043152,0.983299970626831,0.7715517282485962,0.9750260710716248,0.9436146058450698,0.0,0.0,0.0,0.0,0.0,0.0,0.0,0.0,0.0,0.0,0.0,0.0,0.0,0.0,0.0,0.0,0.0,0.0
24,0.15349587874144924,95.63397216796875,0.843281090259552,0.9676568508148193,0.7229845523834229,0.9840466976165771,0.7785131931304932,0.9757829904556274,0.9463200072489745,0.0,0.0,0.0,0.0,0.0,0.0,0.0,0.0,0.0,0.0,0.0,0.0,0.0,0.0,0.0,0.0,0.0,0.0
25,0.15180876121229056,95.76747131347656,0.8435152173042297,0.9693624973297119,0.7381360530853271,0.9837412238121033,0.7873151302337646,0.9764989018440247,0.9461712462691372,0.0,0.0,0.0,0.0,0.0,0.0,0.0,0.0,0.0,0.0,0.0,0.0,0.0,0.0,0.0,0.0,0.0,0.0
26,0.1526212791855238,95.84332275390625,0.851387083530426,0.9692626595497131,0.7369925379753113,0.9847255945205688,0.7900704741477966,0.976932942867279,0.9448342168748681,0.0,0.0,0.0,0.0,0.0,0.0,0.0,0.0,0.0,0.0,0.0,0.0,0.0,0.0,0.0,0.0,0.0,0.0
27,0.15012368917161104,95.83422088623047,0.8446318507194519,0.970076322555542,0.744425356388092,0.9837412238121033,0.7913690209388733,0.9768609404563904,0.9471359826440705,0.0,0.0,0.0,0.0,0.0,0.0,0.0,0.0,0.0,0.0,0.0,0.0,0.0,0.0,0.0,0.0,0.0,0.0
28,0.1503891756339949,95.87366485595703,0.8537392616271973,0.9693356156349182,0.7375643253326416,0.9849970936775208,0.7914110422134399,0.977103590965271,0.9466101302166314,0.0,0.0,0.0,0.0,0.0,0.0,0.0,0.0,0.0,0.0,0.0,0.0,0.0,0.0,0.0,0.0,0.0,0.0
29,0.14797752935971534,95.8948974609375,0.8529121279716492,0.9697192311286926,0.7409948706626892,0.9848273992538452,0.7930243015289307,0.9772148728370667,0.9484668114404389,0.0,0.0,0.0,0.0,0.0,0.0,0.0,0.0,0.0,0.0,0.0,0.0,0.0,0.0,0.0,0.0,0.0,0.0
30,0.14487500899300285,95.98592376708984,0.8552760481834412,0.9705665707588196,0.74842768907547,0.9849631786346436,0.7982924580574036,0.9777119159698486,0.9511793789500551,0.0,0.0,0.0,0.0,0.0,0.0,0.0,0.0,0.0,0.0,0.0,0.0,0.0,0.0,0.0,0.0,0.0,0.0
31,0.14535208122462642,95.9586181640625,0.857189953327179,0.9699602127075195,0.7429959774017334,0.9853026270866394,0.7960183620452881,0.9775711894035339,0.9508678838120126,0.0,0.0,0.0,0.0,0.0,0.0,0.0,0.0,0.0,0.0,0.0,0.0,0.0,0.0,0.0,0.0,0.0,0.0
32,0.14524053424900893,95.97074890136719,0.8585591316223145,0.9699328541755676,0.7427101135253906,0.9854723215103149,0.7964438796043396,0.9776408076286316,0.950631421730726,0.0,0.0,0.0,0.0,0.0,0.0,0.0,0.0,0.0,0.0,0.0,0.0,0.0,0.0,0.0,0.0,0.0,0.0
33,0.1427241367649059,96.08301544189453,0.8612111210823059,0.971007227897644,0.7521440982818604,0.9856081008911133,0.8029910326004028,0.978253185749054,0.9518645450180779,0.0,0.0,0.0,0.0,0.0,0.0,0.0,0.0,0.0,0.0,0.0,0.0,0.0,0.0,0.0,0.0,0.0,0.0
34,0.14245151051757288,96.08604431152344,0.8636363744735718,0.970724880695343,0.7495712041854858,0.9859475493431091,0.8025711178779602,0.9782770276069641,0.9521398069283249,0.0,0.0,0.0,0.0,0.0,0.0,0.0,0.0,0.0,0.0,0.0,0.0,0.0,0.0,0.0,0.0,0.0,0.0
35,0.1420537839282532,96.15886688232422,0.86710524559021,0.9711889028549194,0.753573477268219,0.9862869381904602,0.8063628673553467,0.9786796569824219,0.9510596705369072,0.0,0.0,0.0,0.0,0.0,0.0,0.0,0.0,0.0,0.0,0.0,0.0,0.0,0.0,0.0,0.0,0.0,0.0
36,0.13980775782648397,96.15886688232422,0.8618677258491516,0.9718828201293945,0.7598627805709839,0.9855402112007141,0.8076572418212891,0.9786639213562012,0.9530506349751876,0.0,0.0,0.0,0.0,0.0,0.0,0.0,0.0,0.0,0.0,0.0,0.0,0.0,0.0,0.0,0.0,0.0,0.0
37,0.13759342581033707,96.14976501464844,0.865769624710083,0.971248984336853,0.7541452050209045,0.9861172437667847,0.8061115741729736,0.9786266684532166,0.9548371689028701,0.0,0.0,0.0,0.0,0.0,0.0,0.0,0.0,0.0,0.0,0.0,0.0,0.0,0.0,0.0,0.0,0.0,0.0
38,0.13852456736625457,96.31663513183594,0.8766490817070007,0.9719316959381104,0.7598627805709839,0.987305223941803,0.8140888214111328,0.9795581698417664,0.953759181857986,0.0,0.0,0.0,0.0,0.0,0.0,0.0,0.0,0.0,0.0,0.0,0.0,0.0,0.0,0.0,0.0,0.0,0.0
39,0.1421833112835884,96.15886688232422,0.8673469424247742,0.9711573719978333,0.7532876133918762,0.9863209128379822,0.8063036203384399,0.9786803722381592,0.9512102606446071,0.0,0.0,0.0,0.0,0.0,0.0,0.0,0.0,0.0,0.0,0.0,0.0,0.0,0.0,0.0,0.0,0.0,0.0
40,0.13753512083571784,96.20741271972656,0.8673202395439148,0.9717716574668884,0.758719265460968,0.986219048500061,0.8093931078910828,0.9789420962333679,0.9561177330714994,0.0,0.0,0.0,0.0,0.0,0.0,0.0,0.0,0.0,0.0,0.0,0.0,0.0,0.0,0.0,0.0,0.0,0.0
41,0.13591437566341186,96.3135986328125,0.8734052777290344,0.9723095297813416,0.7632933259010315,0.9868639707565308,0.8146452903747559,0.9795327186584473,0.9563320321393194,0.0,0.0,0.0,0.0,0.0,0.0,0.0,0.0,0.0,0.0,0.0,0.0,0.0,0.0,0.0,0.0,0.0,0.0
42,0.13710876949587647,96.34394073486328,0.8716369271278381,0.9729195833206177,0.7687249779701233,0.9865584969520569,0.8169527053833008,0.9796915650367737,0.9527453841012286,0.0,0.0,0.0,0.0,0.0,0.0,0.0,0.0,0.0,0.0,0.0,0.0,0.0,0.0,0.0,0.0,0.0,0.0
43,0.13625071007682352,96.22257995605469,0.87092524766922,0.9714925289154053,0.7561463713645935,0.9866942763328552,0.8094874024391174,0.9790343642234802,0.9556540709913925,0.0,0.0,0.0,0.0,0.0,0.0,0.0,0.0,0.0,0.0,0.0,0.0,0.0,0.0,0.0,0.0,0.0,0.0
44,0.13410415143078688,96.26202392578125,0.8673800230026245,0.9724518656730652,0.7647227048873901,0.9861172437667847,0.8128228783607483,0.979236900806427,0.9586779492707252,0.0,0.0,0.0,0.0,0.0,0.0,0.0,0.0,0.0,0.0,0.0,0.0,0.0,0.0,0.0,0.0,0.0,0.0
45,0.13129547207939382,96.29236602783203,0.8728702664375305,0.9721135497093201,0.7615780234336853,0.9868300557136536,0.8134350776672363,0.97941654920578,0.9591787373094672,0.0,0.0,0.0,0.0,0.0,0.0,0.0,0.0,0.0,0.0,0.0,0.0,0.0,0.0,0.0,0.0,0.0,0.0
46,0.13414900126505871,96.35304260253906,0.8734548091888428,0.9727957248687744,0.7675814628601074,0.9867960810661316,0.81710284948349,0.9797458052635193,0.9554342069112155,0.0,0.0,0.0,0.0,0.0,0.0,0.0,0.0,0.0,0.0,0.0,0.0,0.0,0.0,0.0,0.0,0.0,0.0
47,0.133517003561161,96.42586517333984,0.8749191761016846,0.9735141396522522,0.7738707661628723,0.9868639707565308,0.8212985396385193,0.9801435470581055,0.9568067466153711,0.0,0.0,0.0,0.0,0.0,0.0,0.0,0.0,0.0,0.0,0.0,0.0,0.0,0.0,0.0,0.0,0.0,0.0
48,0.13483365123369256,96.42586517333984,0.8788373470306396,0.973007321357727,0.7692967653274536,0.9874070882797241,0.8204268217086792,0.9801543354988098,0.9556222383444238,0.0,0.0,0.0,0.0,0.0,0.0,0.0,0.0,0.0,0.0,0.0,0.0,0.0,0.0,0.0,0.0,0.0,0.0
49,0.131909686235749,96.40766143798828,0.8785994648933411,0.9728121161460876,0.7675814628601074,0.9874070882797241,0.8193469643592834,0.9800552725791931,0.9591387487899857,0.0,0.0,0.0,0.0,0.0,0.0,0.0,0.0,0.0,0.0,0.0,0.0,0.0,0.0,0.0,0.0,0.0,0.0
50,0.13134252371228472,96.35001373291016,0.8714794516563416,0.9730163812637329,0.7695826292037964,0.9865245819091797,0.8173676133155823,0.9797238707542419,0.9582586132175516,0.0,0.0,0.0,0.0,0.0,0.0,0.0,0.0,0.0,0.0,0.0,0.0,0.0,0.0,0.0,0.0,0.0,0.0
51,0.13184453889119382,96.48351287841797,0.8766505718231201,0.9740068316459656,0.778158962726593,0.9869997501373291,0.8244737386703491,0.9804602265357971,0.9572245980183433,0.0,0.0,0.0,0.0,0.0,0.0,0.0,0.0,0.0,0.0,0.0,0.0,0.0,0.0,0.0,0.0,0.0,0.0
52,0.13296207337051022,96.36821746826172,0.8726919293403625,0.9730851650238037,0.7701543569564819,0.9866603016853333,0.818223237991333,0.9798257946968079,0.9562012034050539,0.0,0.0,0.0,0.0,0.0,0.0,0.0,0.0,0.0,0.0,0.0,0.0,0.0,0.0,0.0,0.0,0.0,0.0
53,0.13127711886654095,96.43496704101562,0.8804454803466797,0.9729151129722595,0.7684391140937805,0.9876107573509216,0.820638120174408,0.9802078604698181,0.9579934139364483,0.0,0.0,0.0,0.0,0.0,0.0,0.0,0.0,0.0,0.0,0.0,0.0,0.0,0.0,0.0,0.0,0.0,0.0
54,0.12976626040680067,96.50778198242188,0.8846279978752136,0.9732847213745117,0.7715837359428406,0.9880520105361938,0.8242479562759399,0.9806127548217773,0.959034794165088,0.0,0.0,0.0,0.0,0.0,0.0,0.0,0.0,0.0,0.0,0.0,0.0,0.0,0.0,0.0,0.0,0.0,0.0
55,0.12560657381403204,96.52902221679688,0.8801679611206055,0.9741151332855225,0.7790165543556213,0.9874070882797241,0.8265089988708496,0.9807161092758179,0.9629471094433089,0.0,0.0,0.0,0.0,0.0,0.0,0.0,0.0,0.0,0.0,0.0,0.0,0.0,0.0,0.0,0.0,0.0,0.0
56,0.12812377854573484,96.49261474609375,0.8836828470230103,0.9732169508934021,0.771012008190155,0.9879501461982727,0.8235114812850952,0.9805282354354858,0.9603135437612484,0.0,0.0,0.0,0.0,0.0,0.0,0.0,0.0,0.0,0.0,0.0,0.0,0.0,0.0,0.0,0.0,0.0,0.0
57,0.12765113036243284,96.53508758544922,0.8822193145751953,0.9739264249801636,0.7773013114929199,0.9876786470413208,0.8264437913894653,0.9807543158531189,0.9600488199563537,0.0,0.0,0.0,0.0,0.0,0.0,0.0,0.0,0.0,0.0,0.0,0.0,0.0,0.0,0.0,0.0,0.0,0.0
58,0.128092531647001,96.43799591064453,0.8731535077095032,0.9738984704017639,0.7773013114929199,0.9865924715995789,0.8224440813064575,0.9802043437957764,0.9592732260763807,0.0,0.0,0.0,0.0,0.0,0.0,0.0,0.0,0.0,0.0,0.0,0.0,0.0,0.0,0.0,0.0,0.0,0.0
59,0.1265789331222067,96.55026245117188,0.8819152116775513,0.9741529226303101,0.7793024778366089,0.9876107573509216,0.8274396657943726,0.9808356761932373,0.9612344150300629,0.0,0.0,0.0,0.0,0.0,0.0,0.0,0.0,0.0,0.0,0.0,0.0,0.0,0.0,0.0,0.0,0.0,0.0
60,0.12938329486214384,96.45013427734375,0.875241756439209,0.9737749695777893,0.776157796382904,0.9868639707565308,0.8227272033691406,0.9802757501602173,0.9592926963419325,0.0,0.0,0.0,0.0,0.0,0.0,0.0,0.0,0.0,0.0,0.0,0.0,0.0,0.0,0.0,0.0,0.0,0.0
61,0.12572301133554808,96.62307739257812,0.8850500583648682,0.9746500849723816,0.7835906147956848,0.9879162311553955,0.8312358260154724,0.9812383055686951,0.9609681871677743,0.0,0.0,0.0,0.0,0.0,0.0,0.0,0.0,0.0,0.0,0.0,0.0,0.0,0.0,0.0,0.0,0.0,0.0
62,0.12469439710281333,96.62611389160156,0.8853359222412109,0.9746509194374084,0.7835906147956848,0.9879501461982727,0.8313618302345276,0.9812554717063904,0.9613031261939669,0.0,0.0,0.0,0.0,0.0,0.0,0.0,0.0,0.0,0.0,0.0,0.0,0.0,0.0,0.0,0.0,0.0,0.0
63,0.12677339365591808,96.60487365722656,0.8880913257598877,0.9740416407585144,0.778158962726593,0.9883574843406677,0.8294987082481384,0.9811473488807678,0.961371090180972,0.0,0.0,0.0,0.0,0.0,0.0,0.0,0.0,0.0,0.0,0.0,0.0,0.0,0.0,0.0,0.0,0.0,0.0
64,0.12560070138804766,96.69286346435547,0.8893919587135315,0.9749556183815002,0.7861635088920593,0.9883914589881897,0.8345978260040283,0.9816275835037231,0.9611321536826825,0.0,0.0,0.0,0.0,0.0,0.0,0.0,0.0,0.0,0.0,0.0,0.0,0.0,0.0,0.0,0.0,0.0,0.0
65,0.12443994624274117,96.60183715820312,0.8810897469520569,0.974898636341095,0.7858776450157166,0.9874070882797241,0.8307645320892334,0.9811129570007324,0.9623623852983998,0.0,0.0,0.0,0.0,0.0,0.0,0.0,0.0,0.0,0.0,0.0,0.0,0.0,0.0,0.0,0.0,0.0,0.0
66,0.12648849166473564,96.48654174804688,0.8811075091362,0.9734684824943542,0.7732990384101868,0.9876107573509216,0.82369065284729,0.980488657951355,0.9608975401364508,0.0,0.0,0.0,0.0,0.0,0.0,0.0,0.0,0.0,0.0,0.0,0.0,0.0,0.0,0.0,0.0,0.0,0.0
67,0.12384234163530018,96.70499420166016,0.890038788318634,0.9750226140022278,0.7867352962493896,0.9884593486785889,0.8352048993110657,0.9816950559616089,0.9605667736565763,0.0,0.0,0.0,0.0,0.0,0.0,0.0,0.0,0.0,0.0,0.0,0.0,0.0,0.0,0.0,0.0,0.0,0.0
68,0.12660998197234408,96.57149505615234,0.8854166865348816,0.9739686250686646,0.7775871753692627,0.9880520105361938,0.8280060887336731,0.9809597730636597,0.9601826422500124,0.0,0.0,0.0,0.0,0.0,0.0,0.0,0.0,0.0,0.0,0.0,0.0,0.0,0.0,0.0,0.0,0.0,0.0
69,0.12201303061173886,96.66858673095703,0.8856040835380554,0.975139856338501,0.7878788113594055,0.9879162311553955,0.833888053894043,0.9814864993095398,0.963538325294001,0.0,0.0,0.0,0.0,0.0,0.0,0.0,0.0,0.0,0.0,0.0,0.0,0.0,0.0,0.0,0.0,0.0,0.0
70,0.12287320021768006,96.56846618652344,0.8816511034965515,0.974412202835083,0.7815895080566406,0.9875428676605225,0.828610360622406,0.9809336066246033,0.9628354501631166,0.0,0.0,0.0,0.0,0.0,0.0,0.0,0.0,0.0,0.0,0.0,0.0,0.0,0.0,0.0,0.0,0.0,0.0
71,0.12367047513930166,96.55026245117188,0.8861628770828247,0.9736137986183167,0.7744425535202026,0.9881877899169922,0.8265445828437805,0.9808467030525208,0.9624924668557664,0.0,0.0,0.0,0.0,0.0,0.0,0.0,0.0,0.0,0.0,0.0,0.0,0.0,0.0,0.0,0.0,0.0,0.0
72,0.1228286024867272,96.71409606933594,0.8873917460441589,0.9754708409309387,0.7907375693321228,0.988085925579071,0.8362812399864197,0.9817378520965576,0.9628359110839306,0.0,0.0,0.0,0.0,0.0,0.0,0.0,0.0,0.0,0.0,0.0,0.0,0.0,0.0,0.0,0.0,0.0,0.0
73,0.12206966559193572,96.66555786132812,0.8870603442192078,0.9749162793159485,0.7858776450157166,0.988119900226593,0.8334091305732727,0.9814736843109131,0.9623206452798245,0.0,0.0,0.0,0.0,0.0,0.0,0.0,0.0,0.0,0.0,0.0,0.0,0.0,0.0,0.0,0.0,0.0,0.0
74,0.1218754231017463,96.68376159667969,0.8890326619148254,0.9748895168304443,0.7855917811393738,0.9883574843406677,0.8341174721717834,0.9815772771835327,0.962316327179565,0.0,0.0,0.0,0.0,0.0,0.0,0.0,0.0,0.0,0.0,0.0,0.0,0.0,0.0,0.0,0.0,0.0,0.0
75,0.12280517451617183,96.66555786132812,0.8868107199668884,0.9749481081962585,0.7861635088920593,0.988085925579071,0.8334596157073975,0.9814730286598206,0.9619491188445796,0.0,0.0,0.0,0.0,0.0,0.0,0.0,0.0,0.0,0.0,0.0,0.0,0.0,0.0,0.0,0.0,0.0,0.0
76,0.12072329291579675,96.64128112792969,0.8875202536582947,0.9745598435401917,0.7827329635620117,0.9882217049598694,0.8318395614624023,0.9813432097434998,0.9640377257185022,0.0,0.0,0.0,0.0,0.0,0.0,0.0,0.0,0.0,0.0,0.0,0.0,0.0,0.0,0.0,0.0,0.0,0.0
77,0.11965704063067631,96.71713256835938,0.8869314789772034,0.9755672216415405,0.7915952205657959,0.9880180358886719,0.8365559577941895,0.9817531704902649,0.9634046145916974,0.0,0.0,0.0,0.0,0.0,0.0,0.0,0.0,0.0,0.0,0.0,0.0,0.0,0.0,0.0,0.0,0.0,0.0
78,0.1192029161112649,96.74140930175781,0.885496199131012,0.9760523438453674,0.7958833575248718,0.9877804517745972,0.8383017182350159,0.9818813800811768,0.9631164080842678,0.0,0.0,0.0,0.0,0.0,0.0,0.0,0.0,0.0,0.0,0.0,0.0,0.0,0.0,0.0,0.0,0.0,0.0
79,0.12157240616423744,96.7292709350586,0.8910794854164124,0.9751883745193481,0.7881646752357483,0.9885611534118652,0.8364683985710144,0.9818292260169983,0.9627826480449999,0.0,0.0,0.0,0.0,0.0,0.0,0.0,0.0,0.0,0.0,0.0,0.0,0.0,0.0,0.0,0.0,0.0,0.0
80,0.12127505029950823,96.69286346435547,0.8896440267562866,0.974923849105835,0.7858776450157166,0.9884253740310669,0.8345476984977722,0.9816282391548157,0.9628983682801555,0.0,0.0,0.0,0.0,0.0,0.0,0.0,0.0,0.0,0.0,0.0,0.0,0.0,0.0,0.0,0.0,0.0,0.0
81,0.12077836844385886,96.64128112792969,0.881096601486206,0.9753872752189636,0.7901657819747925,0.987339198589325,0.8331575393676758,0.9813268184661865,0.9639810664209406,0.0,0.0,0.0,0.0,0.0,0.0,0.0,0.0,0.0,0.0,0.0,0.0,0.0,0.0,0.0,0.0,0.0,0.0
82,0.11766172709817789,96.71106719970703,0.8856229782104492,0.9756612777709961,0.7924528121948242,0.9878483414649963,0.8364514112472534,0.981717050075531,0.9649366086385798,0.0,0.0,0.0,0.0,0.0,0.0,0.0,0.0,0.0,0.0,0.0,0.0,0.0,0.0,0.0,0.0,0.0,0.0
83,0.11674805365654888,96.80512237548828,0.8892072439193726,0.976356565952301,0.7984562516212463,0.9881877899169922,0.8413917422294617,0.9822366237640381,0.9653926679511511,0.0,0.0,0.0,0.0,0.0,0.0,0.0,0.0,0.0,0.0,0.0,0.0,0.0,0.0,0.0,0.0,0.0,0.0
84,0.1188667107145397,96.65038299560547,0.8834080696105957,0.9751985669136047,0.7884505391120911,0.9876446723937988,0.8332326412200928,0.9813821911811829,0.9646903071108592,0.0,0.0,0.0,0.0,0.0,0.0,0.0,0.0,0.0,0.0,0.0,0.0,0.0,0.0,0.0,0.0,0.0,0.0
85,0.11861154300217726,96.75961303710938,0.8962817788124084,0.9749104976654053,0.7855917811393738,0.989206075668335,0.8372942805290222,0.982006311416626,0.9633943336316412,0.0,0.0,0.0,0.0,0.0,0.0,0.0,0.0,0.0,0.0,0.0,0.0,0.0,0.0,0.0,0.0,0.0,0.0
86,0.1177913025021553,96.69589233398438,0.8884230852127075,0.9751155376434326,0.787592887878418,0.9882556796073914,0.8349749445915222,0.9816415905952454,0.9627357796758919,0.0,0.0,0.0,0.0,0.0,0.0,0.0,0.0,0.0,0.0,0.0,0.0,0.0,0.0,0.0,0.0,0.0,0.0
87,0.11839596744702786,96.72016906738281,0.8852406740188599,0.9758232235908508,0.7938821911811829,0.9877804517745972,0.8370760679244995,0.9817653894424438,0.9645338705865157,0.0,0.0,0.0,0.0,0.0,0.0,0.0,0.0,0.0,0.0,0.0,0.0,0.0,0.0,0.0,0.0,0.0,0.0
88,0.11796257637289105,96.83242797851562,0.8983766436576843,0.9755346775054932,0.7910234332084656,0.9893757700920105,0.8412891626358032,0.9824064373970032,0.9629975972537581,0.0,0.0,0.0,0.0,0.0,0.0,0.0,0.0,0.0,0.0,0.0,0.0,0.0,0.0,0.0,0.0,0.0,0.0
89,0.11800672144305949,96.77174377441406,0.8930878639221191,0.975454568862915,0.79045170545578,0.9887648224830627,0.8386411666870117,0.9820646643638611,0.9643587886022881,0.0,0.0,0.0,0.0,0.0,0.0,0.0,0.0,0.0,0.0,0.0,0.0,0.0,0.0,0.0,0.0,0.0,0.0
90,0.12068857229789909,96.74747467041016,0.890032172203064,0.9755435585975647,0.7913092970848083,0.9883914589881897,0.8377724289894104,0.9819254875183105,0.9632358884629074,0.0,0.0,0.0,0.0,0.0,0.0,0.0,0.0,0.0,0.0,0.0,0.0,0.0,0.0,0.0,0.0,0.0,0.0
91,0.11738371499338929,96.74140930175781,0.889210045337677,0.9755737781524658,0.7915952205657959,0.9882895946502686,0.8375681042671204,0.9818904995918274,0.9641444749790736,0.0,0.0,0.0,0.0,0.0,0.0,0.0,0.0,0.0,0.0,0.0,0.0,0.0,0.0,0.0,0.0,0.0,0.0
92,0.1176470041427077,96.83849334716797,0.8974109888076782,0.9757273197174072,0.7927387356758118,0.9892399907112122,0.8418335914611816,0.982437252998352,0.9649369045982606,0.0,0.0,0.0,0.0,0.0,0.0,0.0,0.0,0.0,0.0,0.0,0.0,0.0,0.0,0.0,0.0,0.0,0.0
93,0.11768974455035462,96.71409606933594,0.8937072157859802,0.9746754765510559,0.7835906147956848,0.9889345169067383,0.8350342512130737,0.9817532300949097,0.9645071080685034,0.0,0.0,0.0,0.0,0.0,0.0,0.0,0.0,0.0,0.0,0.0,0.0,0.0,0.0,0.0,0.0,0.0,0.0
94,0.11389481633597491,96.85063171386719,0.8970303535461426,0.9759217500686646,0.7944539785385132,0.989172101020813,0.8426319360733032,0.9825022220611572,0.9661397332586233,0.0,0.0,0.0,0.0,0.0,0.0,0.0,0.0,0.0,0.0,0.0,0.0,0.0,0.0,0.0,0.0,0.0,0.0
95,0.11517705327394057,96.84759521484375,0.8954647779464722,0.9760804176330566,0.7958833575248718,0.9889684915542603,0.8427425622940063,0.9824821949005127,0.9651424122080244,0.0,0.0,0.0,0.0,0.0,0.0,0.0,0.0,0.0,0.0,0.0,0.0,0.0,0.0,0.0,0.0,0.0,0.0
96,0.11652407354238081,96.76567840576172,0.8920051455497742,0.9755166172981262,0.7910234332084656,0.9886290431022644,0.8384848237037659,0.9820290803909302,0.9642309873900022,0.0,0.0,0.0,0.0,0.0,0.0,0.0,0.0,0.0,0.0,0.0,0.0,0.0,0.0,0.0,0.0,0.0,0.0
97,0.11754088605545004,96.68072509765625,0.8820724487304688,0.9757488369941711,0.7933104634284973,0.9874070882797241,0.835340142250061,0.9815433621406555,0.964760206965284,0.0,0.0,0.0,0.0,0.0,0.0,0.0,0.0,0.0,0.0,0.0,0.0,0.0,0.0,0.0,0.0,0.0,0.0
98,0.11514858285687407,96.7292709350586,0.8910794854164124,0.9751883745193481,0.7881646752357483,0.9885611534118652,0.8364683985710144,0.9818292260169983,0.9657133281356991,0.0,0.0,0.0,0.0,0.0,0.0,0.0,0.0,0.0,0.0,0.0,0.0,0.0,0.0,0.0,0.0,0.0,0.0
99,0.11766005672362385,96.71713256835938,0.8852040767669678,0.9757905006408691,0.7935963273048401,0.9877804517745972,0.8369008302688599,0.9817488789558411,0.9635203542340448,0.0,0.0,0.0,0.0,0.0,0.0,0.0,0.0,0.0,0.0,0.0,0.0,0.0,0.0,0.0,0.0,0.0,0.0
100,0.11490550819708377,96.90524291992188,0.9022727012634277,0.9759362936019897,0.7944539785385132,0.9897831082344055,0.8449376821517944,0.982810914516449,0.9650347119950363,0.0,0.0,0.0,0.0,0.0,0.0,0.0,0.0,0.0,0.0,0.0,0.0,0.0,0.0,0.0,0.0,0.0,0.0
101,0.11621547140637223,96.81422424316406,0.8925593495368958,0.9760396480560303,0.795597493648529,0.9886290431022644,0.8412938714027405,0.982293963432312,0.9661677620959255,0.0,0.0,0.0,0.0,0.0,0.0,0.0,0.0,0.0,0.0,0.0,0.0,0.0,0.0,0.0,0.0,0.0,0.0
102,0.11700096361491145,96.78388214111328,0.8929722905158997,0.9756171107292175,0.7918810844421387,0.9887308478355408,0.8393939733505249,0.982130229473114,0.9652702619382907,0.0,0.0,0.0,0.0,0.0,0.0,0.0,0.0,0.0,0.0,0.0,0.0,0.0,0.0,0.0,0.0,0.0,0.0
103,0.11691602897279117,96.8415298461914,0.8931199908256531,0.9763022065162659,0.7978845238685608,0.9886629581451416,0.8428204655647278,0.9824436902999878,0.9672083223706958,0.0,0.0,0.0,0.0,0.0,0.0,0.0,0.0,0.0,0.0,0.0,0.0,0.0,0.0,0.0,0.0,0.0,0.0
104,0.11681369281544977,96.72016906738281,0.8927527070045471,0.9748678207397461,0.785305917263031,0.9887987375259399,0.8355893492698669,0.9817838668823242,0.9655259516952269,0.0,0.0,0.0,0.0,0.0,0.0,0.0,0.0,0.0,0.0,0.0,0.0,0.0,0.0,0.0,0.0,0.0,0.0
105,0.1157468023652933,96.6746597290039,0.8832163214683533,0.9755238890647888,0.7913092970848083,0.9875767827033997,0.8347406387329102,0.9815133213996887,0.9653900576838033,0.0,0.0,0.0,0.0,0.0,0.0,0.0,0.0,0.0,0.0,0.0,0.0,0.0,0.0,0.0,0.0,0.0,0.0
106,0.11309960454094167,96.8172607421875,0.8974359035491943,0.9754669070243835,0.79045170545578,0.9892739653587341,0.8405532240867615,0.9823219180107117,0.9673604844609621,0.0,0.0,0.0,0.0,0.0,0.0,0.0,0.0,0.0,0.0,0.0,0.0,0.0,0.0,0.0,0.0,0.0,0.0
107,0.11357772061411216,96.86883544921875,0.8919262290000916,0.9767886400222778,0.8021726608276367,0.9884593486785889,0.8446718454360962,0.9825893044471741,0.9669440934492013,0.0,0.0,0.0,0.0,0.0,0.0,0.0,0.0,0.0,0.0,0.0,0.0,0.0,0.0,0.0,0.0,0.0,0.0
108,0.11602279407029249,96.85973358154297,0.8958534002304077,0.976179301738739,0.7967410087585449,0.9890024065971375,0.8433953523635864,0.9825490117073059,0.9658096751412634,0.0,0.0,0.0,0.0,0.0,0.0,0.0,0.0,0.0,0.0,0.0,0.0,0.0,0.0,0.0,0.0,0.0,0.0
109,0.11485785192676953,96.87187194824219,0.9045588970184326,0.9752591252326965,0.7884505391120911,0.9901225566864014,0.8425233364105225,0.9826346635818481,0.964837699883648,0.0,0.0,0.0,0.0,0.0,0.0,0.0,0.0,0.0,0.0,0.0,0.0,0.0,0.0,0.0,0.0,0.0,0.0
110,0.11626465877099913,96.83546447753906,0.8945676684379578,0.9760453104972839,0.795597493648529,0.9888666272163391,0.8421849608421326,0.9824141263961792,0.964903470857937,0.0,0.0,0.0,0.0,0.0,0.0,0.0,0.0,0.0,0.0,0.0,0.0,0.0,0.0,0.0,0.0,0.0,0.0
111,0.11301331701023239,96.76264190673828,0.8914653658866882,0.9755476713180542,0.7913092970848083,0.9885611534118652,0.8384068012237549,0.9820113182067871,0.966539895005926,0.0,0.0,0.0,0.0,0.0,0.0,0.0,0.0,0.0,0.0,0.0,0.0,0.0,0.0,0.0,0.0,0.0,0.0
112,0.11307481250592641,96.89311218261719,0.8969833254814148,0.9764434099197388,0.7990280389785767,0.9891042113304138,0.8451769351959229,0.9827330708503723,0.9663892466766495,0.0,0.0,0.0,0.0,0.0,0.0,0.0,0.0,0.0,0.0,0.0,0.0,0.0,0.0,0.0,0.0,0.0,0.0
113,0.11372350262744087,96.88097381591797,0.89838707447052,0.9761211276054382,0.7961692214012146,0.9893078804016113,0.8441952466964722,0.9826701879501343,0.9655455966255084,0.0,0.0,0.0,0.0,0.0,0.0,0.0,0.0,0.0,0.0,0.0,0.0,0.0,0.0,0.0,0.0,0.0,0.0
114,0.11665883029297906,96.74140930175781,0.8894601464271545,0.9755419492721558,0.7913092970848083,0.9883235692977905,0.8375189304351807,0.9818911552429199,0.9646856687919289,0.0,0.0,0.0,0.0,0.0,0.0,0.0,0.0,0.0,0.0,0.0,0.0,0.0,0.0,0.0,0.0,0.0,0.0
115,0.11177303543200298,96.87187194824219,0.896751344203949,0.9762144088745117,0.7970268726348877,0.9891042113304138,0.8439533114433289,0.9826170206069946,0.9678016050873549,0.0,0.0,0.0,0.0,0.0,0.0,0.0,0.0,0.0,0.0,0.0,0.0,0.0,0.0,0.0,0.0,0.0,0.0
116,0.11214201912588002,96.87187194824219,0.8980316519737244,0.9760549068450928,0.795597493648529,0.9892739653587341,0.8437168598175049,0.9826199412345886,0.9679678956135263,0.0,0.0,0.0,0.0,0.0,0.0,0.0,0.0,0.0,0.0,0.0,0.0,0.0,0.0,0.0,0.0,0.0,0.0
117,0.11185931513200001,97.0296401977539,0.9022676348686218,0.9774373173713684,0.8076043725013733,0.98961341381073,0.8523156046867371,0.9834876656532288,0.9682182338372197,0.0,0.0,0.0,0.0,0.0,0.0,0.0,0.0,0.0,0.0,0.0,0.0,0.0,0.0,0.0,0.0,0.0,0.0
118,0.11199764671678446,96.84759521484375,0.894449770450592,0.9762080311775208,0.7970268726348877,0.9888327121734619,0.8429327607154846,0.9824798703193665,0.9672525368062737,0.0,0.0,0.0,0.0,0.0,0.0,0.0,0.0,0.0,0.0,0.0,0.0,0.0,0.0,0.0,0.0,0.0,0.0
119,0.1123874419349797,96.86883544921875,0.8946862816810608,0.9764370918273926,0.7990280389785767,0.9888327121734619,0.8441558480262756,0.9825958609580994,0.967097609191122,0.0,0.0,0.0,0.0,0.0,0.0,0.0,0.0,0.0,0.0,0.0,0.0,0.0,0.0,0.0,0.0,0.0,0.0
120,0.11093879384653908,97.026611328125,0.9007002115249634,0.9775967001914978,0.8090337514877319,0.9894097447395325,0.8524096608161926,0.9834677577018738,0.9671513137436748,0.0,0.0,0.0,0.0,0.0,0.0,0.0,0.0,0.0,0.0,0.0,0.0,0.0,0.0,0.0,0.0,0.0,0.0
121,0.10859646769810696,96.99626922607422,0.9008951187133789,0.9772049188613892,0.8056032061576843,0.9894776344299316,0.8505885601043701,0.9833029508590698,0.9697586797162955,0.0,0.0,0.0,0.0,0.0,0.0,0.0,0.0,0.0,0.0,0.0,0.0,0.0,0.0,0.0,0.0,0.0,0.0
122,0.10833360931398917,96.94468688964844,0.8965297937393188,0.9771279096603394,0.805031418800354,0.9889684915542603,0.8483205437660217,0.9830125570297241,0.9691656347377405,0.0,0.0,0.0,0.0,0.0,0.0,0.0,0.0,0.0,0.0,0.0,0.0,0.0,0.0,0.0,0.0,0.0,0.0
123,0.10813818560266981,96.92648315429688,0.8933206796646118,0.9773154258728027,0.8067467212677002,0.9885611534118652,0.8478293418884277,0.9829061031341553,0.9701733677469426,0.0,0.0,0.0,0.0,0.0,0.0,0.0,0.0,0.0,0.0,0.0,0.0,0.0,0.0,0.0,0.0,0.0,0.0
124,0.11291185774061145,96.90524291992188,0.8968609571456909,0.9766062498092651,0.8004574179649353,0.9890702962875366,0.845921516418457,0.9827987551689148,0.9657914178252226,0.0,0.0,0.0,0.0,0.0,0.0,0.0,0.0,0.0,0.0,0.0,0.0,0.0,0.0,0.0,0.0,0.0,0.0
125,0.11143535862163621,96.85063171386719,0.8944836258888245,0.9762407541275024,0.7973127365112305,0.9888327121734619,0.8431075811386108,0.9824963808059692,0.9684956450940004,0.0,0.0,0.0,0.0,0.0,0.0,0.0,0.0,0.0,0.0,0.0,0.0,0.0,0.0,0.0,0.0,0.0,0.0
126,0.11116122781318061,96.88703918457031,0.8961538672447205,0.9764737486839294,0.7993139028549194,0.9890024065971375,0.844968318939209,0.9826981425285339,0.9674195696575458,0.0,0.0,0.0,0.0,0.0,0.0,0.0,0.0,0.0,0.0,0.0,0.0,0.0,0.0,0.0,0.0,0.0,0.0
127,0.10918888806992648,96.97502899169922,0.8996484279632568,0.977103590965271,0.8047455549240112,0.9893418550491333,0.8495548367500305,0.9831846356391907,0.9675753366337592,0.0,0.0,0.0,0.0,0.0,0.0,0.0,0.0,0.0,0.0,0.0,0.0,0.0,0.0,0.0,0.0,0.0,0.0
128,0.1108568585952934,96.8840103149414,0.8951071500778198,0.9765687584877014,0.8001715540885925,0.9888666272163391,0.8449811935424805,0.9826792478561401,0.9690933817612644,0.0,0.0,0.0,0.0,0.0,0.0,0.0,0.0,0.0,0.0,0.0,0.0,0.0,0.0,0.0,0.0,0.0,0.0
129,0.11016398995202414,96.94165802001953,0.8975095748901367,0.9769671559333801,0.8036020398139954,0.9891042113304138,0.847963809967041,0.9829981923103333,0.9682334345204927,0.0,0.0,0.0,0.0,0.0,0.0,0.0,0.0,0.0,0.0,0.0,0.0,0.0,0.0,0.0,0.0,0.0,0.0
130,0.10775975844993883,97.0296401977539,0.9022676348686218,0.9774373173713684,0.8076043725013733,0.98961341381073,0.8523156046867371,0.9834876656532288,0.9698588256797287,0.0,0.0,0.0,0.0,0.0,0.0,0.0,0.0,0.0,0.0,0.0,0.0,0.0,0.0,0.0,0.0,0.0,0.0
131,0.10879091614363146,96.95378875732422,0.900964617729187,0.9766826629638672,0.8010291457176208,0.9895455241203308,0.8480629920959473,0.9830719828605652,0.9681904136272336,0.0,0.0,0.0,0.0,0.0,0.0,0.0,0.0,0.0,0.0,0.0,0.0,0.0,0.0,0.0,0.0,0.0,0.0
132,0.10850130325677443,96.93255615234375,0.8981748223304749,0.9767730236053467,0.801886796951294,0.989206075668335,0.8473040461540222,0.9829502105712891,0.9709869948717853,0.0,0.0,0.0,0.0,0.0,0.0,0.0,0.0,0.0,0.0,0.0,0.0,0.0,0.0,0.0,0.0,0.0,0.0
133,0.10877695246314516,96.96896362304688,0.8960380554199219,0.977486252784729,0.8081761002540588,0.9888666272163391,0.8498422503471375,0.9831434488296509,0.9699948215789113,0.0,0.0,0.0,0.0,0.0,0.0,0.0,0.0,0.0,0.0,0.0,0.0,0.0,0.0,0.0,0.0,0.0,0.0
134,0.10910198426976496,97.00537109375,0.9027911424636841,0.9770792722702026,0.8044596910476685,0.9897152185440063,0.8507936596870422,0.9833566546440125,0.9674469289467179,0.0,0.0,0.0,0.0,0.0,0.0,0.0,0.0,0.0,0.0,0.0,0.0,0.0,0.0,0.0,0.0,0.0,0.0
135,0.10892527656895774,97.026611328125,0.8984177112579346,0.9778851866722107,0.8116066455841064,0.9891042113304138,0.8528086543083191,0.9834627509117126,0.9684648070656308,0.0,0.0,0.0,0.0,0.0,0.0,0.0,0.0,0.0,0.0,0.0,0.0,0.0,0.0,0.0,0.0,0.0,0.0
136,0.10727975737987733,96.97199249267578,0.8978357911109924,0.9772948026657104,0.8064608573913574,0.9891042113304138,0.8496988415718079,0.9831641316413879,0.9693708221288335,0.0,0.0,0.0,0.0,0.0,0.0,0.0,0.0,0.0,0.0,0.0,0.0,0.0,0.0,0.0,0.0,0.0,0.0
137,0.10796578395731594,96.8840103149414,0.8956131935119629,0.976504921913147,0.7995997667312622,0.9889345169067383,0.8448874950408936,0.9826804399490356,0.9704722239510797,0.0,0.0,0.0,0.0,0.0,0.0,0.0,0.0,0.0,0.0,0.0,0.0,0.0,0.0,0.0,0.0,0.0,0.0
138,0.11134571779747399,96.84759521484375,0.8884676098823547,0.9769752025604248,0.8038879632949829,0.9880180358886719,0.8440641760826111,0.9824656248092651,0.9669278253703586,0.0,0.0,0.0,0.0,0.0,0.0,0.0,0.0,0.0,0.0,0.0,0.0,0.0,0.0,0.0,0.0,0.0,0.0
139,0.10918767909918513,96.88703918457031,0.8946360349655151,0.9766654372215271,0.8010291457176208,0.9887987375259399,0.8452489376068115,0.982694685459137,0.9681816997979458,0.0,0.0,0.0,0.0,0.0,0.0,0.0,0.0,0.0,0.0,0.0,0.0,0.0,0.0,0.0,0.0,0.0,0.0
140,0.11003356981946498,96.91434478759766,0.9018464684486389,0.9760980010032654,0.7958833575248718,0.9897152185440063,0.8455581068992615,0.9828594326972961,0.9679060982618356,0.0,0.0,0.0,0.0,0.0,0.0,0.0,0.0,0.0,0.0,0.0,0.0,0.0,0.0,0.0,0.0,0.0,0.0
141,0.11117378911193536,96.96896362304688,0.899328887462616,0.9770700931549072,0.8044596910476685,0.9893078804016113,0.8492531180381775,0.9831508994102478,0.9670539284533287,0.0,0.0,0.0,0.0,0.0,0.0,0.0,0.0,0.0,0.0,0.0,0.0,0.0,0.0,0.0,0.0,0.0,0.0
142,0.10714273314390864,97.00233459472656,0.9032776355743408,0.976982593536377,0.8036020398139954,0.9897831082344055,0.8505294919013977,0.9833412170410156,0.969355999885808,0.0,0.0,0.0,0.0,0.0,0.0,0.0,0.0,0.0,0.0,0.0,0.0,0.0,0.0,0.0,0.0,0.0,0.0
143,0.10559078845746663,96.97806549072266,0.9001919627189636,0.9770723581314087,0.8044596910476685,0.9894097447395325,0.8496376872062683,0.983202338218689,0.9706788765851818,0.0,0.0,0.0,0.0,0.0,0.0,0.0,0.0,0.0,0.0,0.0,0.0,0.0,0.0,0.0,0.0,0.0,0.0
144,0.11012530965464455,96.84456634521484,0.8906548023223877,0.9766544699668884,0.8010291457176208,0.9883235692977905,0.8434677720069885,0.9824543595314026,0.9682989483494853,0.0,0.0,0.0,0.0,0.0,0.0,0.0,0.0,0.0,0.0,0.0,0.0,0.0,0.0,0.0,0.0,0.0,0.0
145,0.10758133665943632,97.04481506347656,0.9047466516494751,0.9773131012916565,0.8064608573913574,0.9899188876152039,0.8527811169624329,0.9835755825042725,0.9687031564963567,0.0,0.0,0.0,0.0,0.0,0.0,0.0,0.0,0.0,0.0,0.0,0.0,0.0,0.0,0.0,0.0,0.0,0.0
146,0.10933134180246568,96.92648315429688,0.8963317275047302,0.9769313335418701,0.8033161759376526,0.9889684915542603,0.8472787141799927,0.982913076877594,0.9689219386255699,0.0,0.0,0.0,0.0,0.0,0.0,0.0,0.0,0.0,0.0,0.0,0.0,0.0,0.0,0.0,0.0,0.0,0.0
147,0.10737868793764893,96.99626922607422,0.9026975035667419,0.9769810438156128,0.8036020398139954,0.9897152185440063,0.8502722382545471,0.983306884765625,0.9691682547086845,0.0,0.0,0.0,0.0,0.0,0.0,0.0,0.0,0.0,0.0,0.0,0.0,0.0,0.0,0.0,0.0,0.0,0.0
148,0.10805602219639993,97.00537109375,0.8979398012161255,0.9776875376701355,0.8098913431167603,0.9890702962875366,0.851645827293396,0.9833459854125977,0.9694533463617696,0.0,0.0,0.0,0.0,0.0,0.0,0.0,0.0,0.0,0.0,0.0,0.0,0.0,0.0,0.0,0.0,0.0,0.0
149,0.10751618163622155,96.95378875732422,0.8973868489265442,0.9771302342414856,0.805031418800354,0.9890702962875366,0.8487039804458618,0.9830639958381653,0.9689611945235466,0.0,0.0,0.0,0.0,0.0,0.0,0.0,0.0,0.0,0.0,0.0,0.0,0.0,0.0,0.0,0.0,0.0,0.0
150,0.1079693108949126,96.85973358154297,0.8928229808807373,0.9765625,0.8001715540885925,0.9885950684547424,0.8439620137214661,0.9825419783592224,0.969052088108109,0.0,0.0,0.0,0.0,0.0,0.0,0.0,0.0,0.0,0.0,0.0,0.0,0.0,0.0,0.0,0.0,0.0,0.0
151,0.11129950177000493,96.93558502197266,0.8964308500289917,0.9770296216011047,0.8041738271713257,0.9889684915542603,0.8477998971939087,0.9829627871513367,0.9675559585523702,0.0,0.0,0.0,0.0,0.0,0.0,0.0,0.0,0.0,0.0,0.0,0.0,0.0,0.0,0.0,0.0,0.0,0.0
152,0.10860597988476559,97.026611328125,0.8986700177192688,0.9778531193733215,0.8113207817077637,0.9891381859779358,0.8527644276618958,0.9834632873535156,0.9695291654098085,0.0,0.0,0.0,0.0,0.0,0.0,0.0,0.0,0.0,0.0,0.0,0.0,0.0,0.0,0.0,0.0,0.0,0.0
153,0.10841550427127858,96.95378875732422,0.8971337676048279,0.9771621823310852,0.8053173422813416,0.9890363812446594,0.8487496376037598,0.9830634593963623,0.9690942696403064,0.0,0.0,0.0,0.0,0.0,0.0,0.0,0.0,0.0,0.0,0.0,0.0,0.0,0.0,0.0,0.0,0.0,0.0
154,0.1072423839751555,96.93558502197266,0.8976982235908508,0.9768697023391724,0.802744448184967,0.9891381859779358,0.8475701808929443,0.9829656481742859,0.9692398235816365,0.0,0.0,0.0,0.0,0.0,0.0,0.0,0.0,0.0,0.0,0.0,0.0,0.0,0.0,0.0,0.0,0.0,0.0
155,0.105352697627885,96.99019622802734,0.8987905979156494,0.9773954749107361,0.8073184490203857,0.989206075668335,0.8506024479866028,0.983265221118927,0.9711467451741931,0.0,0.0,0.0,0.0,0.0,0.0,0.0,0.0,0.0,0.0,0.0,0.0,0.0,0.0,0.0,0.0,0.0,0.0
156,0.10552434037838664,97.08425903320312,0.9038522839546204,0.9778992533683777,0.8116066455841064,0.9897491335868835,0.8552493453025818,0.9837884902954102,0.9699496755981089,0.0,0.0,0.0,0.0,0.0,0.0,0.0,0.0,0.0,0.0,0.0,0.0,0.0,0.0,0.0,0.0,0.0,0.0
157,0.10580222589933143,97.00537109375,0.9007341265678406,0.9773352146148682,0.8067467212677002,0.9894436597824097,0.8511536717414856,0.9833521842956543,0.9704216827708516,0.0,0.0,0.0,0.0,0.0,0.0,0.0,0.0,0.0,0.0,0.0,0.0,0.0,0.0,0.0,0.0,0.0,0.0
158,0.10817477403550732,96.92951965332031,0.893852949142456,0.9772841930389404,0.8064608573913574,0.9886290431022644,0.8479110598564148,0.9829238653182983,0.9697181332400391,0.0,0.0,0.0,0.0,0.0,0.0,0.0,0.0,0.0,0.0,0.0,0.0,0.0,0.0,0.0,0.0,0.0,0.0
159,0.10641792918346366,97.02357482910156,0.9047925472259521,0.9770519137382507,0.8041738271713257,0.989952802658081,0.8515211343765259,0.983460009098053,0.971326533402524,0.0,0.0,0.0,0.0,0.0,0.0,0.0,0.0,0.0,0.0,0.0,0.0,0.0,0.0,0.0,0.0,0.0,0.0
160,0.10526274137046872,97.09032440185547,0.8993394374847412,0.9785426259040833,0.817324161529541,0.9891381859779358,0.8563726544380188,0.9838118553161621,0.9705367528650691,0.0,0.0,0.0,0.0,0.0,0.0,0.0,0.0,0.0,0.0,0.0,0.0,0.0,0.0,0.0,0.0,0.0,0.0
161,0.1075695058216854,96.92648315429688,0.8933206796646118,0.9773154258728027,0.8067467212677002,0.9885611534118652,0.8478293418884277,0.9829061031341553,0.9688413454082554,0.0,0.0,0.0,0.0,0.0,0.0,0.0,0.0,0.0,0.0,0.0,0.0,0.0,0.0,0.0,0.0,0.0,0.0
162,0.10679629756783952,96.98716735839844,0.89952152967453,0.9772666096687317,0.8061749339103699,0.9893078804016113,0.8502939343452454,0.9832504391670227,0.9687402387888095,0.0,0.0,0.0,0.0,0.0,0.0,0.0,0.0,0.0,0.0,0.0,0.0,0.0,0.0,0.0,0.0,0.0,0.0
163,0.10790579309877084,96.88097381591797,0.8905755877494812,0.97711181640625,0.805031418800354,0.9882556796073914,0.8456456661224365,0.9826521277427673,0.9702381926206132,0.0,0.0,0.0,0.0,0.0,0.0,0.0,0.0,0.0,0.0,0.0,0.0,0.0,0.0,0.0,0.0,0.0,0.0
164,0.10608299547920422,96.962890625,0.8927335739135742,0.9778375029563904,0.8113207817077637,0.9884253740310669,0.8500823974609375,0.9831029772758484,0.9705171516009701,0.0,0.0,0.0,0.0,0.0,0.0,0.0,0.0,0.0,0.0,0.0,0.0,0.0,0.0,0.0,0.0,0.0,0.0
165,0.10336186242650966,97.00537109375,0.9007341265678406,0.9773352146148682,0.8067467212677002,0.9894436597824097,0.8511536717414856,0.9833521842956543,0.972142867830675,0.0,0.0,0.0,0.0,0.0,0.0,0.0,0.0,0.0,0.0,0.0,0.0,0.0,0.0,0.0,0.0,0.0,0.0
166,0.10648350850964079,97.03267669677734,0.9015296101570129,0.977566123008728,0.8087478280067444,0.9895115494728088,0.8526220321655273,0.9835025668144226,0.9707284085914164,0.0,0.0,0.0,0.0,0.0,0.0,0.0,0.0,0.0,0.0,0.0,0.0,0.0,0.0,0.0,0.0,0.0,0.0
167,0.1063014017227961,96.98716735839844,0.89952152967453,0.9772666096687317,0.8061749339103699,0.9893078804016113,0.8502939343452454,0.9832504391670227,0.9696613672029203,0.0,0.0,0.0,0.0,0.0,0.0,0.0,0.0,0.0,0.0,0.0,0.0,0.0,0.0,0.0,0.0,0.0,0.0
168,0.1043150034942189,97.11459350585938,0.9093539118766785,0.9775864481925964,0.8087478280067444,0.9904280304908752,0.8561052680015564,0.9839653372764587,0.9716589397901372,0.0,0.0,0.0,0.0,0.0,0.0,0.0,0.0,0.0,0.0,0.0,0.0,0.0,0.0,0.0,0.0,0.0,0.0
169,0.10523197393180156,96.962890625,0.8952199816703796,0.977516770362854,0.8084619641304016,0.9887648224830627,0.8496319651603699,0.9831085801124573,0.9719976923295927,0.0,0.0,0.0,0.0,0.0,0.0,0.0,0.0,0.0,0.0,0.0,0.0,0.0,0.0,0.0,0.0,0.0,0.0
170,0.10640682591771593,96.97199249267578,0.8965736031532288,0.9774549603462219,0.8078902363777161,0.9889345169067383,0.8499248027801514,0.983161211013794,0.9701544942525502,0.0,0.0,0.0,0.0,0.0,0.0,0.0,0.0,0.0,0.0,0.0,0.0,0.0,0.0,0.0,0.0,0.0,0.0
171,0.10754973692249278,96.95378875732422,0.8968809843063354,0.9771941900253296,0.8056032061576843,0.9890024065971375,0.8487952351570129,0.9830628633499146,0.9698370216993176,0.0,0.0,0.0,0.0,0.0,0.0,0.0,0.0,0.0,0.0,0.0,0.0,0.0,0.0,0.0,0.0,0.0,0.0
172,0.1056789075385551,96.99626922607422,0.9060880541801453,0.9765658974647522,0.799885630607605,0.9901564717292786,0.8496811389923096,0.9833142161369324,0.9693918110071734,0.0,0.0,0.0,0.0,0.0,0.0,0.0,0.0,0.0,0.0,0.0,0.0,0.0,0.0,0.0,0.0,0.0,0.0
173,0.10355664812484566,97.00233459472656,0.8986658453941345,0.9775586128234863,0.8087478280067444,0.989172101020813,0.8513391613960266,0.9833310842514038,0.9715022170097092,0.0,0.0,0.0,0.0,0.0,0.0,0.0,0.0,0.0,0.0,0.0,0.0,0.0,0.0,0.0,0.0,0.0,0.0
174,0.10481062713934451,97.00840759277344,0.8989834785461426,0.9775921702384949,0.8090337514877319,0.989206075668335,0.8516401052474976,0.9833648204803467,0.9697543761714302,0.0,0.0,0.0,0.0,0.0,0.0,0.0,0.0,0.0,0.0,0.0,0.0,0.0,0.0,0.0,0.0,0.0,0.0
175,0.1042749045454726,97.026611328125,0.9012109637260437,0.9775326251983643,0.8084619641304016,0.9894776344299316,0.852320671081543,0.9834688305854797,0.9703350151023858,0.0,0.0,0.0,0.0,0.0,0.0,0.0,0.0,0.0,0.0,0.0,0.0,0.0,0.0,0.0,0.0,0.0,0.0
176,0.10516628341711297,97.09942626953125,0.9024699330329895,0.9782557487487793,0.8147512674331665,0.9895455241203308,0.8563701510429382,0.9838682413101196,0.9707419936259405,0.0,0.0,0.0,0.0,0.0,0.0,0.0,0.0,0.0,0.0,0.0,0.0,0.0,0.0,0.0,0.0,0.0,0.0
177,0.10532485047469334,97.0508804321289,0.8981714844703674,0.9782119989395142,0.8144654035568237,0.9890363812446594,0.8542728424072266,0.9835944175720215,0.9703696520886244,0.0,0.0,0.0,0.0,0.0,0.0,0.0,0.0,0.0,0.0,0.0,0.0,0.0,0.0,0.0,0.0,0.0,0.0
178,0.10530125669070653,97.09942626953125,0.9040051102638245,0.9780632853507996,0.8130360245704651,0.9897491335868835,0.8561108112335205,0.9838715195655823,0.9708231545036262,0.0,0.0,0.0,0.0,0.0,0.0,0.0,0.0,0.0,0.0,0.0,0.0,0.0,0.0,0.0,0.0,0.0,0.0
179,0.10397101938724518,97.03267669677734,0.9020420908927917,0.9775021076202393,0.8081761002540588,0.989579439163208,0.8525331616401672,0.9835036993026733,0.9704827280938456,0.0,0.0,0.0,0.0,0.0,0.0,0.0,0.0,0.0,0.0,0.0,0.0,0.0,0.0,0.0,0.0,0.0,0.0
180,0.10285505044217012,97.1479721069336,0.9078443646430969,0.9781712293624878,0.8138936758041382,0.9901904463768005,0.8583056926727295,0.9841442108154297,0.9714421905643047,0.0,0.0,0.0,0.0,0.0,0.0,0.0,0.0,0.0,0.0,0.0,0.0,0.0,0.0,0.0,0.0,0.0,0.0
181,0.10113522889358657,97.04481506347656,0.9001268148422241,0.9778895974159241,0.8116066455841064,0.9893078804016113,0.8535779118537903,0.983565628528595,0.9732545117985928,0.0,0.0,0.0,0.0,0.0,0.0,0.0,0.0,0.0,0.0,0.0,0.0,0.0,0.0,0.0,0.0,0.0,0.0
182,0.10464298162533313,97.05694580078125,0.9020355939865112,0.9777964353561401,0.8107489943504333,0.9895455241203308,0.8539596199989319,0.9836359024047852,0.970660517381382,0.0,0.0,0.0,0.0,0.0,0.0,0.0,0.0,0.0,0.0,0.0,0.0,0.0,0.0,0.0,0.0,0.0,0.0
183,0.10365486099403731,97.07515716552734,0.9019669890403748,0.9780253171920776,0.8127501606941223,0.9895115494728088,0.8550376296043396,0.9837349057197571,0.9713153742670219,0.0,0.0,0.0,0.0,0.0,0.0,0.0,0.0,0.0,0.0,0.0,0.0,0.0,0.0,0.0,0.0,0.0,0.0
184,0.10227368110600783,97.11459350585938,0.9083039164543152,0.977714478969574,0.8098913431167603,0.9902922511100769,0.8562792539596558,0.9839631915092468,0.9719279574363013,0.0,0.0,0.0,0.0,0.0,0.0,0.0,0.0,0.0,0.0,0.0,0.0,0.0,0.0,0.0,0.0,0.0,0.0
185,0.10348417609930038,97.00233459472656,0.8989192843437195,0.9775266051292419,0.8084619641304016,0.989206075668335,0.8512943983078003,0.9833316206932068,0.9717975265494755,0.0,0.0,0.0,0.0,0.0,0.0,0.0,0.0,0.0,0.0,0.0,0.0,0.0,0.0,0.0,0.0,0.0,0.0
186,0.10486541920322545,96.97806549072266,0.8963878154754639,0.977552592754364,0.8087478280067444,0.9889006018638611,0.8503155708312988,0.9831938743591309,0.9697489518612168,0.0,0.0,0.0,0.0,0.0,0.0,0.0,0.0,0.0,0.0,0.0,0.0,0.0,0.0,0.0,0.0,0.0,0.0
187,0.10382019150622036,97.02357482910156,0.8981335163116455,0.9778844118118286,0.8116066455841064,0.9890702962875366,0.8526806235313416,0.9834455251693726,0.9715205568063168,0.0,0.0,0.0,0.0,0.0,0.0,0.0,0.0,0.0,0.0,0.0,0.0,0.0,0.0,0.0,0.0,0.0,0.0
188,0.1032597798930139,97.05391693115234,0.8989580273628235,0.9781485199928284,0.8138936758041382,0.9891381859779358,0.8543135523796082,0.9836126565933228,0.9723905860834247,0.0,0.0,0.0,0.0,0.0,0.0,0.0,0.0,0.0,0.0,0.0,0.0,0.0,0.0,0.0,0.0,0.0,0.0
189,0.10256006363399174,97.06908416748047,0.9047314524650574,0.9776071906089783,0.8090337514877319,0.9898849129676819,0.8542107343673706,0.9837077260017395,0.9708510571941791,0.0,0.0,0.0,0.0,0.0,0.0,0.0,0.0,0.0,0.0,0.0,0.0,0.0,0.0,0.0,0.0,0.0,0.0
190,0.10501248176608767,97.0933609008789,0.9044585824012756,0.9779335260391235,0.8118925094604492,0.9898170232772827,0.855679452419281,0.9838393926620483,0.9713726060767529,0.0,0.0,0.0,0.0,0.0,0.0,0.0,0.0,0.0,0.0,0.0,0.0,0.0,0.0,0.0,0.0,0.0,0.0
191,0.10338770658994208,97.08425903320312,0.9069617986679077,0.977514922618866,0.8081761002540588,0.9901564717292786,0.8547240495681763,0.9837950468063354,0.9712476092037368,0.0,0.0,0.0,0.0,0.0,0.0,0.0,0.0,0.0,0.0,0.0,0.0,0.0,0.0,0.0,0.0,0.0,0.0
192,0.10399217561495547,97.01447296142578,0.9036608934402466,0.9770815968513489,0.8044596910476685,0.9898170232772827,0.8511796593666077,0.9834080338478088,0.9725966176873772,0.0,0.0,0.0,0.0,0.0,0.0,0.0,0.0,0.0,0.0,0.0,0.0,0.0,0.0,0.0,0.0,0.0,0.0
193,0.10065480618148434,97.24506378173828,0.9064657688140869,0.9795116186141968,0.8256146311759949,0.9898849129676819,0.8641531467437744,0.9846709370613098,0.9730643989440236,0.0,0.0,0.0,0.0,0.0,0.0,0.0,0.0,0.0,0.0,0.0,0.0,0.0,0.0,0.0,0.0,0.0,0.0
194,0.10113557093605703,97.10852813720703,0.9090324640274048,0.9775529503822327,0.8084619641304016,0.9903940558433533,0.8558026552200317,0.9839316606521606,0.9741842570060303,0.0,0.0,0.0,0.0,0.0,0.0,0.0,0.0,0.0,0.0,0.0,0.0,0.0,0.0,0.0,0.0,0.0,0.0
195,0.10120043447431253,97.15100860595703,0.9089165925979614,0.9780757427215576,0.8130360245704651,0.9903261661529541,0.8583069443702698,0.9841628074645996,0.9722736043807778,0.0,0.0,0.0,0.0,0.0,0.0,0.0,0.0,0.0,0.0,0.0,0.0,0.0,0.0,0.0,0.0,0.0,0.0
196,0.10290509872898763,97.13887023925781,0.9062002897262573,0.9782652258872986,0.8147512674331665,0.989986777305603,0.8580460548400879,0.9840911030769348,0.9710083039687961,0.0,0.0,0.0,0.0,0.0,0.0,0.0,0.0,0.0,0.0,0.0,0.0,0.0,0.0,0.0,0.0,0.0,0.0
197,0.10339213124647433,97.09032440185547,0.9052026867866516,0.9778046011924744,0.8107489943504333,0.9899188876152039,0.8553762435913086,0.9838244318962097,0.9712211523490011,0.0,0.0,0.0,0.0,0.0,0.0,0.0,0.0,0.0,0.0,0.0,0.0,0.0,0.0,0.0,0.0,0.0,0.0
198,0.10279487195063611,97.08728790283203,0.9033693671226501,0.9779961705207825,0.8124642372131348,0.9896812438964844,0.8555086851119995,0.9838040471076965,0.9725913583382971,0.0,0.0,0.0,0.0,0.0,0.0,0.0,0.0,0.0,0.0,0.0,0.0,0.0,0.0,0.0,0.0,0.0,0.0
199,0.10304651584248153,97.08122253417969,0.9027954339981079,0.9779946804046631,0.8124642372131348,0.98961341381073,0.8552512526512146,0.9837697744369507,0.972145051139795,0.0,0.0,0.0,0.0,0.0,0.0,0.0,0.0,0.0,0.0,0.0,0.0,0.0,0.0,0.0,0.0,0.0,0.0
200,0.10215843423288695,97.16617584228516,0.910108745098114,0.9781115055084229,0.8133218884468079,0.9904619455337524,0.8589975833892822,0.9842479825019836,0.9710116080432644,0.0,0.0,0.0,0.0,0.0,0.0,0.0,0.0,0.0,0.0,0.0,0.0,0.0,0.0,0.0,0.0,0.0,0.0
201,0.10215062572031605,97.10852813720703,0.9059011340141296,0.9779372215270996,0.8118925094604492,0.989986777305603,0.8563243746757507,0.9839251041412354,0.9710015696731105,0.0,0.0,0.0,0.0,0.0,0.0,0.0,0.0,0.0,0.0,0.0,0.0,0.0,0.0,0.0,0.0,0.0,0.0
202,0.102304571517268,97.05998229980469,0.899526059627533,0.978149950504303,0.8138936758041382,0.989206075668335,0.8545700311660767,0.9836469888687134,0.9721926278714178,0.0,0.0,0.0,0.0,0.0,0.0,0.0,0.0,0.0,0.0,0.0,0.0,0.0,0.0,0.0,0.0,0.0,0.0
203,0.10424193929956883,97.06301879882812,0.9023537039756775,0.9778299331665039,0.8110348582267761,0.989579439163208,0.8542607426643372,0.9836695790290833,0.9719298496375387,0.0,0.0,0.0,0.0,0.0,0.0,0.0,0.0,0.0,0.0,0.0,0.0,0.0,0.0,0.0,0.0,0.0,0.0
204,0.10204380796271928,97.19651794433594,0.9031955003738403,0.9793395400047302,0.8241852521896362,0.9895115494728088,0.8618834018707275,0.9843993186950684,0.9714330206660007,0.0,0.0,0.0,0.0,0.0,0.0,0.0,0.0,0.0,0.0,0.0,0.0,0.0,0.0,0.0,0.0,0.0,0.0
205,0.09955618956259318,97.18134307861328,0.903296709060669,0.9791429042816162,0.8224700093269348,0.9895455241203308,0.8609906435012817,0.9843167066574097,0.9734042673970292,0.0,0.0,0.0,0.0,0.0,0.0,0.0,0.0,0.0,0.0,0.0,0.0,0.0,0.0,0.0,0.0,0.0,0.0
206,0.10557684629243247,97.03571319580078,0.9013053178787231,0.9776309728622437,0.8093196153640747,0.9894776344299316,0.8528392910957336,0.983518660068512,0.9703740526694505,0.0,0.0,0.0,0.0,0.0,0.0,0.0,0.0,0.0,0.0,0.0,0.0,0.0,0.0,0.0,0.0,0.0,0.0
207,0.10118526608055951,97.04481506347656,0.9016550183296204,0.9776973128318787,0.8098913431167603,0.9895115494728088,0.8533132672309875,0.9835689663887024,0.9724467650529799,0.0,0.0,0.0,0.0,0.0,0.0,0.0,0.0,0.0,0.0,0.0,0.0,0.0,0.0,0.0,0.0,0.0,0.0
208,0.10188366936481728,97.16617584228516,0.9054396152496338,0.9786891341209412,0.8184676766395569,0.9898509979248047,0.8597598075866699,0.9842383861541748,0.9718534774845229,0.0,0.0,0.0,0.0,0.0,0.0,0.0,0.0,0.0,0.0,0.0,0.0,0.0,0.0,0.0,0.0,0.0,0.0
209,0.10051405285390055,97.11156463623047,0.9041270017623901,0.978194534778595,0.814179539680481,0.9897491335868835,0.8567990660667419,0.9839379191398621,0.9729829615138493,0.0,0.0,0.0,0.0,0.0,0.0,0.0,0.0,0.0,0.0,0.0,0.0,0.0,0.0,0.0,0.0,0.0,0.0
210,0.10241700199489691,97.06301879882812,0.8977987170219421,0.978407621383667,0.8161806464195251,0.9889684915542603,0.8550463914871216,0.9836596846580505,0.9712005322073126,0.0,0.0,0.0,0.0,0.0,0.0,0.0,0.0,0.0,0.0,0.0,0.0,0.0,0.0,0.0,0.0,0.0,0.0
211,0.10191818744856485,97.11459350585938,0.9064794182777405,0.977938711643219,0.8118925094604492,0.9900546669960022,0.8565827012062073,0.9839593768119812,0.9711497193263942,0.0,0.0,0.0,0.0,0.0,0.0,0.0,0.0,0.0,0.0,0.0,0.0,0.0,0.0,0.0,0.0,0.0,0.0
212,0.10223373375376876,97.08728790283203,0.90439772605896,0.9778679609298706,0.8113207817077637,0.9898170232772827,0.8553345799446106,0.9838061928749084,0.9714881662025728,0.0,0.0,0.0,0.0,0.0,0.0,0.0,0.0,0.0,0.0,0.0,0.0,0.0,0.0,0.0,0.0,0.0,0.0
213,0.10206601890374203,96.98109436035156,0.8979332447052002,0.9773931503295898,0.8073184490203857,0.9891042113304138,0.8502182364463806,0.9832137823104858,0.972038685171269,0.0,0.0,0.0,0.0,0.0,0.0,0.0,0.0,0.0,0.0,0.0,0.0,0.0,0.0,0.0,0.0,0.0,0.0
214,0.09957717446496292,97.18134307861328,0.9058451652526855,0.9788212180137634,0.8196111917495728,0.9898849129676819,0.8605732917785645,0.9843219518661499,0.9725523062158385,0.0,0.0,0.0,0.0,0.0,0.0,0.0,0.0,0.0,0.0,0.0,0.0,0.0,0.0,0.0,0.0,0.0,0.0
215,0.10306060124112636,97.08425903320312,0.9038522839546204,0.9778992533683777,0.8116066455841064,0.9897491335868835,0.8552493453025818,0.9837884902954102,0.9703146860685801,0.0,0.0,0.0,0.0,0.0,0.0,0.0,0.0,0.0,0.0,0.0,0.0,0.0,0.0,0.0,0.0,0.0,0.0
216,0.10085754712321321,97.0933609008789,0.8986189365386963,0.9786719679832458,0.8184676766395569,0.9890363812446594,0.8566726446151733,0.9838268756866455,0.9716914953550148,0.0,0.0,0.0,0.0,0.0,0.0,0.0,0.0,0.0,0.0,0.0,0.0,0.0,0.0,0.0,0.0,0.0,0.0
217,0.1011513885186643,97.16617584228516,0.9054396152496338,0.9786891341209412,0.8184676766395569,0.9898509979248047,0.8597598075866699,0.9842383861541748,0.9714672743601939,0.0,0.0,0.0,0.0,0.0,0.0,0.0,0.0,0.0,0.0,0.0,0.0,0.0,0.0,0.0,0.0,0.0,0.0
218,0.09909014335396338,97.18437957763672,0.9089751839637756,0.978468656539917,0.8164665699005127,0.9902922511100769,0.8602409958839417,0.9843449592590332,0.9736382696167074,0.0,0.0,0.0,0.0,0.0,0.0,0.0,0.0,0.0,0.0,0.0,0.0,0.0,0.0,0.0,0.0,0.0,0.0
219,0.09881150076279835,97.2359619140625,0.91154944896698,0.9787697792053223,0.8190394639968872,0.9905638098716736,0.8628218770027161,0.9846314191818237,0.9730647385698866,0.0,0.0,0.0,0.0,0.0,0.0,0.0,0.0,0.0,0.0,0.0,0.0,0.0,0.0,0.0,0.0,0.0,0.0
220,0.10137304321539645,97.10852813720703,0.9038400650024414,0.9781937599182129,0.814179539680481,0.9897152185440063,0.8566701412200928,0.9839207530021667,0.9723095513524882,0.0,0.0,0.0,0.0,0.0,0.0,0.0,0.0,0.0,0.0,0.0,0.0,0.0,0.0,0.0,0.0,0.0,0.0
221,0.09960293192036297,97.14493560791016,0.901412844657898,0.9789413809776306,0.8207547068595886,0.9893418550491333,0.8591949939727783,0.9841141700744629,0.9731097535521422,0.0,0.0,0.0,0.0,0.0,0.0,0.0,0.0,0.0,0.0,0.0,0.0,0.0,0.0,0.0,0.0,0.0,0.0
222,0.09976698176897301,97.19044494628906,0.9074777960777283,0.9787269830703735,0.8187536001205444,0.9900885820388794,0.860835611820221,0.984375,0.9727128667685195,0.0,0.0,0.0,0.0,0.0,0.0,0.0,0.0,0.0,0.0,0.0,0.0,0.0,0.0,0.0,0.0,0.0,0.0
223,0.10291271314633135,97.06301879882812,0.9020978808403015,0.9778620004653931,0.8113207817077637,0.9895455241203308,0.8543046116828918,0.983669102191925,0.9718228529352669,0.0,0.0,0.0,0.0,0.0,0.0,0.0,0.0,0.0,0.0,0.0,0.0,0.0,0.0,0.0,0.0,0.0,0.0
224,0.1038134896329471,97.15707397460938,0.9097599983215332,0.9780451655387878,0.8127501606941223,0.9904280304908752,0.8585233688354492,0.9841976761817932,0.9703848818826856,0.0,0.0,0.0,0.0,0.0,0.0,0.0,0.0,0.0,0.0,0.0,0.0,0.0,0.0,0.0,0.0,0.0,0.0
225,0.10122272706761652,97.13280487060547,0.9053667783737183,0.9782958626747131,0.815037190914154,0.9898849129676819,0.8578306436538696,0.9840562343597412,0.9712451881565127,0.0,0.0,0.0,0.0,0.0,0.0,0.0,0.0,0.0,0.0,0.0,0.0,0.0,0.0,0.0,0.0,0.0,0.0
226,0.10188428342950587,97.19651794433594,0.9075363874435425,0.978792667388916,0.81932532787323,0.9900885820388794,0.8611778616905212,0.9844081997871399,0.9718765865986078,0.0,0.0,0.0,0.0,0.0,0.0,0.0,0.0,0.0,0.0,0.0,0.0,0.0,0.0,0.0,0.0,0.0,0.0
227,0.09608730019963517,97.20258331298828,0.9099299907684326,0.9785692691802979,0.817324161529541,0.9903940558433533,0.8611446022987366,0.984446108341217,0.9752700505939678,0.0,0.0,0.0,0.0,0.0,0.0,0.0,0.0,0.0,0.0,0.0,0.0,0.0,0.0,0.0,0.0,0.0,0.0
228,0.1027424017689666,97.09638977050781,0.9009150862693787,0.9784155488014221,0.8161806464195251,0.9893418550491333,0.8564571738243103,0.9838483333587646,0.9711121421505409,0.0,0.0,0.0,0.0,0.0,0.0,0.0,0.0,0.0,0.0,0.0,0.0,0.0,0.0,0.0,0.0,0.0,0.0
229,0.09643459715405289,97.20561981201172,0.9091775417327881,0.9786984324455261,0.8184676766395569,0.9902922511100769,0.8614413142204285,0.9844611883163452,0.9741865033885249,0.0,0.0,0.0,0.0,0.0,0.0,0.0,0.0,0.0,0.0,0.0,0.0,0.0,0.0,0.0,0.0,0.0,0.0
230,0.09991565840888997,97.18741607666016,0.9074484705924988,0.9786941409111023,0.8184676766395569,0.9900885820388794,0.8606643676757812,0.9843584299087524,0.9729944602752145,0.0,0.0,0.0,0.0,0.0,0.0,0.0,0.0,0.0,0.0,0.0,0.0,0.0,0.0,0.0,0.0,0.0,0.0
231,0.1001599471331859,97.11763000488281,0.8981249928474426,0.9790315628051758,0.8216123580932617,0.9889345169067383,0.8581666350364685,0.9839581251144409,0.973453503443583,0.0,0.0,0.0,0.0,0.0,0.0,0.0,0.0,0.0,0.0,0.0,0.0,0.0,0.0,0.0,0.0,0.0,0.0
232,0.10120192869585387,97.18437957763672,0.9089751839637756,0.978468656539917,0.8164665699005127,0.9902922511100769,0.8602409958839417,0.9843449592590332,0.9713129677751919,0.0,0.0,0.0,0.0,0.0,0.0,0.0,0.0,0.0,0.0,0.0,0.0,0.0,0.0,0.0,0.0,0.0,0.0
233,0.10023193380662374,97.1934814453125,0.9062203764915466,0.9789205193519592,0.8204688429832458,0.9899188876152039,0.8612152934074402,0.9843889474868774,0.9729676832018078,0.0,0.0,0.0,0.0,0.0,0.0,0.0,0.0,0.0,0.0,0.0,0.0,0.0,0.0,0.0,0.0,0.0,0.0
234,0.10059314175527923,97.13887023925781,0.9056843519210815,0.9783294200897217,0.8153230547904968,0.9899188876152039,0.8581315279006958,0.9840899705886841,0.9728549710814399,0.0,0.0,0.0,0.0,0.0,0.0,0.0,0.0,0.0,0.0,0.0,0.0,0.0,0.0,0.0,0.0,0.0,0.0
235,0.09858499060632014,97.10852813720703,0.9056423306465149,0.9779692888259888,0.812178373336792,0.989952802658081,0.8563677668571472,0.9839245676994324,0.9755918946172385,0.0,0.0,0.0,0.0,0.0,0.0,0.0,0.0,0.0,0.0,0.0,0.0,0.0,0.0,0.0,0.0,0.0,0.0
236,0.10118314137264174,97.04177856445312,0.8965734243392944,0.9783061146736145,0.8153230547904968,0.9888327121734619,0.8540201187133789,0.9835412502288818,0.9730414499392739,0.0,0.0,0.0,0.0,0.0,0.0,0.0,0.0,0.0,0.0,0.0,0.0,0.0,0.0,0.0,0.0,0.0,0.0
237,0.10023779429647388,97.12369537353516,0.9006913900375366,0.9787755608558655,0.81932532787323,0.9892739653587341,0.8580838441848755,0.9839967489242554,0.9729253318566788,0.0,0.0,0.0,0.0,0.0,0.0,0.0,0.0,0.0,0.0,0.0,0.0,0.0,0.0,0.0,0.0,0.0,0.0
238,0.10086566802798486,97.18134307861328,0.9058451652526855,0.9788212180137634,0.8196111917495728,0.9898849129676819,0.8605732917785645,0.9843219518661499,0.9715658095266761,0.0,0.0,0.0,0.0,0.0,0.0,0.0,0.0,0.0,0.0,0.0,0.0,0.0,0.0,0.0,0.0,0.0,0.0
239,0.09849058099243106,97.21168518066406,0.9113237857818604,0.9785072207450867,0.8167524337768555,0.9905638098716736,0.8614503741264343,0.9844986200332642,0.9740211541111738,0.0,0.0,0.0,0.0,0.0,0.0,0.0,0.0,0.0,0.0,0.0,0.0,0.0,0.0,0.0,0.0,0.0,0.0
240,0.09953518014173118,97.1479721069336,0.9078443646430969,0.9781712293624878,0.8138936758041382,0.9901904463768005,0.8583056926727295,0.9841442108154297,0.9734175855826609,0.0,0.0,0.0,0.0,0.0,0.0,0.0,0.0,0.0,0.0,0.0,0.0,0.0,0.0,0.0,0.0,0.0,0.0
241,0.10111787124555938,97.07515716552734,0.9014575481414795,0.978089451789856,0.8133218884468079,0.9894436597824097,0.8551247715950012,0.9837337732315063,0.9731669465474887,0.0,0.0,0.0,0.0,0.0,0.0,0.0,0.0,0.0,0.0,0.0,0.0,0.0,0.0,0.0,0.0,0.0,0.0
242,0.09812397661865974,97.19651794433594,0.9075363874435425,0.978792667388916,0.81932532787323,0.9900885820388794,0.8611778616905212,0.9844081997871399,0.9731227175565165,0.0,0.0,0.0,0.0,0.0,0.0,0.0,0.0,0.0,0.0,0.0,0.0,0.0,0.0,0.0,0.0,0.0,0.0
243,0.09802098693896313,97.18437957763672,0.9071609377861023,0.978693425655365,0.8184676766395569,0.9900546669960022,0.8605349659919739,0.9843412637710571,0.9729420608563358,0.0,0.0,0.0,0.0,0.0,0.0,0.0,0.0,0.0,0.0,0.0,0.0,0.0,0.0,0.0,0.0,0.0,0.0
244,0.09893523856085173,97.19044494628906,0.913239061832428,0.9780212640762329,0.8124642372131348,0.9908353686332703,0.8599092364311218,0.9843866229057312,0.9733831766309304,0.0,0.0,0.0,0.0,0.0,0.0,0.0,0.0,0.0,0.0,0.0,0.0,0.0,0.0,0.0,0.0,0.0,0.0
245,0.09900708116438924,97.15707397460938,0.9058637022972107,0.9785263538360596,0.8170382976531982,0.9899188876152039,0.8591612577438354,0.9841896295547485,0.9727534957253428,0.0,0.0,0.0,0.0,0.0,0.0,0.0,0.0,0.0,0.0,0.0,0.0,0.0,0.0,0.0,0.0,0.0,0.0
246,0.0957976648089837,97.22078704833984,0.9103623628616333,0.9787341356277466,0.8187536001205444,0.9904280304908752,0.8621312379837036,0.9845463037490845,0.9747319813390533,0.0,0.0,0.0,0.0,0.0,0.0,0.0,0.0,0.0,0.0,0.0,0.0,0.0,0.0,0.0,0.0,0.0,0.0
247,0.10097677291047816,97.1479721069336,0.9044908285140991,0.9785884618759155,0.8176100850105286,0.9897491335868835,0.8588588833808899,0.9841371774673462,0.9736209681048813,0.0,0.0,0.0,0.0,0.0,0.0,0.0,0.0,0.0,0.0,0.0,0.0,0.0,0.0,0.0,0.0,0.0,0.0
248,0.09737231331516286,97.25416564941406,0.9104146957397461,0.9791275262832642,0.8221840858459473,0.9903940558433533,0.8640528917312622,0.9847286343574524,0.9735154317938209,0.0,0.0,0.0,0.0,0.0,0.0,0.0,0.0,0.0,0.0,0.0,0.0,0.0,0.0,0.0,0.0,0.0,0.0
249,0.0972034613392791,97.25112915039062,0.9116899371147156,0.9789339303970337,0.8204688429832458,0.9905638098716736,0.8636773824691772,0.9847145676612854,0.9739425355756638,0.0,0.0,0.0,0.0,0.0,0.0,0.0,0.0,0.0,0.0,0.0,0.0,0.0,0.0,0.0,0.0,0.0,0.0
250,0.1002906010467179,97.2147216796875,0.9051507711410522,0.9793115258216858,0.8238993883132935,0.9897491335868835,0.8626160025596619,0.9845026731491089,0.97241811033373,0.0,0.0,0.0,0.0,0.0,0.0,0.0,0.0,0.0,0.0,0.0,0.0,0.0,0.0,0.0,0.0,0.0,0.0
251,0.09924622408437486,97.20865631103516,0.9058564305305481,0.9791491627693176,0.8224700093269348,0.9898509979248047,0.8621516823768616,0.9844710230827332,0.9728325800334653,0.0,0.0,0.0,0.0,0.0,0.0,0.0,0.0,0.0,0.0,0.0,0.0,0.0,0.0,0.0,0.0,0.0,0.0
252,0.09718863901739218,97.13887023925781,0.9059421420097351,0.9782973527908325,0.815037190914154,0.989952802658081,0.8580887913703918,0.9840905666351318,0.9756034710073724,0.0,0.0,0.0,0.0,0.0,0.0,0.0,0.0,0.0,0.0,0.0,0.0,0.0,0.0,0.0,0.0,0.0,0.0
253,0.09841258017992487,97.19044494628906,0.9074777960777283,0.9787269830703735,0.8187536001205444,0.9900885820388794,0.860835611820221,0.984375,0.972919339886094,0.0,0.0,0.0,0.0,0.0,0.0,0.0,0.0,0.0,0.0,0.0,0.0,0.0,0.0,0.0,0.0,0.0,0.0
254,0.09769123769840415,97.24202728271484,0.9072034955024719,0.9793821573257446,0.824471116065979,0.989986777305603,0.8638609647750854,0.9846559166908264,0.973504602580586,0.0,0.0,0.0,0.0,0.0,0.0,0.0,0.0,0.0,0.0,0.0,0.0,0.0,0.0,0.0,0.0,0.0,0.0
255,0.09891033104183722,97.1692123413086,0.910662829875946,0.978080153465271,0.8130360245704651,0.9905298352241516,0.8590847253799438,0.9842656254768372,0.9732002104748807,0.0,0.0,0.0,0.0,0.0,0.0,0.0,0.0,0.0,0.0,0.0,0.0,0.0,0.0,0.0,0.0,0.0,0.0
256,0.09789733406232327,97.25416564941406,0.9146146178245544,0.978613555431366,0.8176100850105286,0.9909371733665466,0.8633962273597717,0.9847368001937866,0.973273351330399,0.0,0.0,0.0,0.0,0.0,0.0,0.0,0.0,0.0,0.0,0.0,0.0,0.0,0.0,0.0,0.0,0.0,0.0
257,0.09757449249831998,97.19044494628906,0.9061907529830933,0.978887677192688,0.8201829791069031,0.9899188876152039,0.8610444068908691,0.9843724370002747,0.973915326692231,0.0,0.0,0.0,0.0,0.0,0.0,0.0,0.0,0.0,0.0,0.0,0.0,0.0,0.0,0.0,0.0,0.0,0.0
258,0.10005796875576584,97.12369537353516,0.9047619104385376,0.9782615900039673,0.8147512674331665,0.9898170232772827,0.8574007153511047,0.9840053915977478,0.9719889251305264,0.0,0.0,0.0,0.0,0.0,0.0,0.0,0.0,0.0,0.0,0.0,0.0,0.0,0.0,0.0,0.0,0.0,0.0
259,0.09876423967736107,97.12369537353516,0.9017013311386108,0.978646993637085,0.8181818127632141,0.9894097447395325,0.8579136729240417,0.9839989542961121,0.9740988847676422,0.0,0.0,0.0,0.0,0.0,0.0,0.0,0.0,0.0,0.0,0.0,0.0,0.0,0.0,0.0,0.0,0.0,0.0
260,0.09775807579257051,97.23292541503906,0.9063482284545898,0.9793800711631775,0.824471116065979,0.9898849129676819,0.8634730577468872,0.9846044778823853,0.9734363765964866,0.0,0.0,0.0,0.0,0.0,0.0,0.0,0.0,0.0,0.0,0.0,0.0,0.0,0.0,0.0,0.0,0.0,0.0
261,0.09995305454548524,97.25112915039062,0.9116899371147156,0.9789339303970337,0.8204688429832458,0.9905638098716736,0.8636773824691772,0.9847145676612854,0.9725861572107939,0.0,0.0,0.0,0.0,0.0,0.0,0.0,0.0,0.0,0.0,0.0,0.0,0.0,0.0,0.0,0.0,0.0,0.0
262,0.09929184596605446,97.14190673828125,0.9031545519828796,0.9786834120750427,0.8184676766395569,0.989579439163208,0.8587282299995422,0.9841012358665466,0.9736295460838236,0.0,0.0,0.0,0.0,0.0,0.0,0.0,0.0,0.0,0.0,0.0,0.0,0.0,0.0,0.0,0.0,0.0,0.0
263,0.09753983311963324,97.20258331298828,0.9086294174194336,0.9787298440933228,0.8187536001205444,0.9902243614196777,0.8613533973693848,0.9844435453414917,0.9737107263687015,0.0,0.0,0.0,0.0,0.0,0.0,0.0,0.0,0.0,0.0,0.0,0.0,0.0,0.0,0.0,0.0,0.0,0.0
264,0.09950212351217562,97.25112915039062,0.9096080660820007,0.9791911244392395,0.8227558732032776,0.9902922511100769,0.8640047907829285,0.9847103953361511,0.9718508041438003,0.0,0.0,0.0,0.0,0.0,0.0,0.0,0.0,0.0,0.0,0.0,0.0,0.0,0.0,0.0,0.0,0.0,0.0
265,0.0995079295671716,97.09032440185547,0.9067606329917908,0.9776124358177185,0.8090337514877319,0.9901225566864014,0.8551141023635864,0.9838277101516724,0.9735756911255316,0.0,0.0,0.0,0.0,0.0,0.0,0.0,0.0,0.0,0.0,0.0,0.0,0.0,0.0,0.0,0.0,0.0,0.0
266,0.10039392140294824,97.16011047363281,0.902830183506012,0.9789448976516724,0.8207547068595886,0.9895115494728088,0.8598383069038391,0.9841998219490051,0.9735555949780318,0.0,0.0,0.0,0.0,0.0,0.0,0.0,0.0,0.0,0.0,0.0,0.0,0.0,0.0,0.0,0.0,0.0,0.0
267,0.0991867536640897,97.30574035644531,0.9090909361839294,0.9799119830131531,0.8290451765060425,0.9901564717292786,0.8672248721122742,0.9850075840950012,0.9734942876579437,0.0,0.0,0.0,0.0,0.0,0.0,0.0,0.0,0.0,0.0,0.0,0.0,0.0,0.0,0.0,0.0,0.0,0.0
268,0.09827788675926169,97.22382354736328,0.9122247099876404,0.9785422086715698,0.8170382976531982,0.99066561460495,0.862011730670929,0.9845665693283081,0.9729042993121567,0.0,0.0,0.0,0.0,0.0,0.0,0.0,0.0,0.0,0.0,0.0,0.0,0.0,0.0,0.0,0.0,0.0,0.0
269,0.09923994833869594,97.19044494628906,0.9087730646133423,0.9785664081573486,0.817324161529541,0.9902583360671997,0.8606261610984802,0.9843776226043701,0.9733464291125427,0.0,0.0,0.0,0.0,0.0,0.0,0.0,0.0,0.0,0.0,0.0,0.0,0.0,0.0,0.0,0.0,0.0,0.0
270,0.09854481414872773,97.1692123413086,0.9077901244163513,0.9784329533576965,0.8161806464195251,0.9901564717292786,0.8595513701438904,0.984259843826294,0.9733334068865918,0.0,0.0,0.0,0.0,0.0,0.0,0.0,0.0,0.0,0.0,0.0,0.0,0.0,0.0,0.0,0.0,0.0,0.0
271,0.09642864436823495,97.24809265136719,0.9080315232276917,0.9793513417243958,0.8241852521896362,0.9900885820388794,0.8640791177749634,0.9846906661987305,0.9749700493654926,0.0,0.0,0.0,0.0,0.0,0.0,0.0,0.0,0.0,0.0,0.0,0.0,0.0,0.0,0.0,0.0,0.0,0.0
272,0.0979220230056315,97.11156463623047,0.9013240933418274,0.9785476922988892,0.817324161529541,0.9893757700920105,0.8572713732719421,0.9839319586753845,0.9733241593595191,0.0,0.0,0.0,0.0,0.0,0.0,0.0,0.0,0.0,0.0,0.0,0.0,0.0,0.0,0.0,0.0,0.0,0.0
273,0.09669841096109273,97.27236938476562,0.9129329323768616,0.9790352582931519,0.821326494216919,0.9906995892524719,0.8647103309631348,0.9848328232765198,0.9747287257825654,0.0,0.0,0.0,0.0,0.0,0.0,0.0,0.0,0.0,0.0,0.0,0.0,0.0,0.0,0.0,0.0,0.0,0.0
274,0.09625039500545482,97.1934814453125,0.9090620279312134,0.9785671234130859,0.817324161529541,0.9902922511100769,0.8607556819915771,0.9843947887420654,0.9748927893334346,0.0,0.0,0.0,0.0,0.0,0.0,0.0,0.0,0.0,0.0,0.0,0.0,0.0,0.0,0.0,0.0,0.0,0.0
275,0.09947232848831586,97.18134307861328,0.9055888652801514,0.9788534045219421,0.8198970556259155,0.9898509979248047,0.8606151342391968,0.9843214750289917,0.9729242207949267,0.0,0.0,0.0,0.0,0.0,0.0,0.0,0.0,0.0,0.0,0.0,0.0,0.0,0.0,0.0,0.0,0.0,0.0
276,0.09685558498818048,97.26326751708984,0.9123252630233765,0.9790010452270508,0.8210405707359314,0.9906316995620728,0.8642792701721191,0.9847819805145264,0.9747807807237829,0.0,0.0,0.0,0.0,0.0,0.0,0.0,0.0,0.0,0.0,0.0,0.0,0.0,0.0,0.0,0.0,0.0,0.0
277,0.09632546295012746,97.1934814453125,0.9039246439933777,0.9792100787162781,0.8230417370796204,0.98961341381073,0.8615891337394714,0.984384298324585,0.9751271069199856,0.0,0.0,0.0,0.0,0.0,0.0,0.0,0.0,0.0,0.0,0.0,0.0,0.0,0.0,0.0,0.0,0.0,0.0
278,0.09844042801735353,97.20865631103516,0.911295473575592,0.9784744381904602,0.8164665699005127,0.9905638098716736,0.8612786531448364,0.9844820499420166,0.973517086256954,0.0,0.0,0.0,0.0,0.0,0.0,0.0,0.0,0.0,0.0,0.0,0.0,0.0,0.0,0.0,0.0,0.0,0.0
279,0.096387151932838,97.30574035644531,0.9114123582839966,0.9796220064163208,0.826472282409668,0.9904619455337524,0.8668665289878845,0.9850121736526489,0.9734494667476102,0.0,0.0,0.0,0.0,0.0,0.0,0.0,0.0,0.0,0.0,0.0,0.0,0.0,0.0,0.0,0.0,0.0,0.0
280,0.09897424896456758,97.17831420898438,0.9104859232902527,0.9782105684280396,0.814179539680481,0.9904959201812744,0.8596438765525818,0.9843149185180664,0.9721414025876657,0.0,0.0,0.0,0.0,0.0,0.0,0.0,0.0,0.0,0.0,0.0,0.0,0.0,0.0,0.0,0.0,0.0,0.0
281,0.09765585185009606,97.18134307861328,0.9055888652801514,0.9788534045219421,0.8198970556259155,0.9898509979248047,0.8606151342391968,0.9843214750289917,0.9734331647061814,0.0,0.0,0.0,0.0,0.0,0.0,0.0,0.0,0.0,0.0,0.0,0.0,0.0,0.0,0.0,0.0,0.0,0.0
282,0.09941143565336052,97.28450775146484,0.9146224856376648,0.9789738655090332,0.8207547068595886,0.9909031987190247,0.8651498556137085,0.9849024415016174,0.9725275183796299,0.0,0.0,0.0,0.0,0.0,0.0,0.0,0.0,0.0,0.0,0.0,0.0,0.0,0.0,0.0,0.0,0.0,0.0
283,0.09617659115061468,97.24506378173828,0.9103295207023621,0.9790289402008057,0.821326494216919,0.9903940558433533,0.8635407090187073,0.9846786856651306,0.9738919701364456,0.0,0.0,0.0,0.0,0.0,0.0,0.0,0.0,0.0,0.0,0.0,0.0,0.0,0.0,0.0,0.0,0.0,0.0
284,0.09598882610396463,97.2814712524414,0.9164532423019409,0.978716254234314,0.8184676766395569,0.9911408424377441,0.8646934032440186,0.9848893284797668,0.9743191078808745,0.0,0.0,0.0,0.0,0.0,0.0,0.0,0.0,0.0,0.0,0.0,0.0,0.0,0.0,0.0,0.0,0.0,0.0
285,0.09670836805384986,97.26933288574219,0.9123809337615967,0.9790667295455933,0.8216123580932617,0.9906316995620728,0.8646209836006165,0.984815239906311,0.9732518918276489,0.0,0.0,0.0,0.0,0.0,0.0,0.0,0.0,0.0,0.0,0.0,0.0,0.0,0.0,0.0,0.0,0.0,0.0
286,0.09762754055614374,97.25416564941406,0.9109350442886353,0.9790632128715515,0.8216123580932617,0.9904619455337524,0.8639711737632751,0.9847295880317688,0.973339127156486,0.0,0.0,0.0,0.0,0.0,0.0,0.0,0.0,0.0,0.0,0.0,0.0,0.0,0.0,0.0,0.0,0.0,0.0
287,0.09739112120349797,97.19955444335938,0.9078238606452942,0.9787933826446533,0.81932532787323,0.9901225566864014,0.8613072633743286,0.9844253659248352,0.9736446739901259,0.0,0.0,0.0,0.0,0.0,0.0,0.0,0.0,0.0,0.0,0.0,0.0,0.0,0.0,0.0,0.0,0.0,0.0
288,0.09632664002782228,97.19044494628906,0.9121794700622559,0.9781494140625,0.8136077523231506,0.9906995892524719,0.8600785732269287,0.9843844771385193,0.9749584244573783,0.0,0.0,0.0,0.0,0.0,0.0,0.0,0.0,0.0,0.0,0.0,0.0,0.0,0.0,0.0,0.0,0.0,0.0
289,0.0947195902010616,97.32698059082031,0.9147385358810425,0.9794658422470093,0.8250429034233093,0.9908692836761475,0.8675785660743713,0.9851346015930176,0.9745716439690821,0.0,0.0,0.0,0.0,0.0,0.0,0.0,0.0,0.0,0.0,0.0,0.0,0.0,0.0,0.0,0.0,0.0,0.0
290,0.09854587061064583,97.20258331298828,0.9030037522315979,0.979437530040741,0.8250429034233093,0.9894776344299316,0.8622646927833557,0.9844319820404053,0.9733283222022413,0.0,0.0,0.0,0.0,0.0,0.0,0.0,0.0,0.0,0.0,0.0,0.0,0.0,0.0,0.0,0.0,0.0,0.0
291,0.09745254998608512,97.22988891601562,0.9122806787490845,0.9786078333854675,0.8176100850105286,0.99066561460495,0.8623548746109009,0.9845998287200928,0.9734930747084327,0.0,0.0,0.0,0.0,0.0,0.0,0.0,0.0,0.0,0.0,0.0,0.0,0.0,0.0,0.0,0.0,0.0,0.0
292,0.09198016566889626,97.40890502929688,0.9186193943023682,0.9799671173095703,0.8293310403823853,0.9912766218185425,0.8716946840286255,0.9855894446372986,0.9769691454172953,0.0,0.0,0.0,0.0,0.0,0.0,0.0,0.0,0.0,0.0,0.0,0.0,0.0,0.0,0.0,0.0,0.0,0.0
293,0.09799215646118534,97.2359619140625,0.9084306955337524,0.9791554808616638,0.8224700093269348,0.9901564717292786,0.863315761089325,0.9846252202987671,0.9744549048563375,0.0,0.0,0.0,0.0,0.0,0.0,0.0,0.0,0.0,0.0,0.0,0.0,0.0,0.0,0.0,0.0,0.0,0.0
294,0.09525407694888358,97.26326751708984,0.912063479423523,0.9790331721305847,0.821326494216919,0.9905977249145508,0.8643200993537903,0.9847814440727234,0.9747747208280257,0.0,0.0,0.0,0.0,0.0,0.0,0.0,0.0,0.0,0.0,0.0,0.0,0.0,0.0,0.0,0.0,0.0,0.0
295,0.09518883582584713,97.22686004638672,0.9042553305625916,0.9795719385147095,0.8261864185333252,0.98961341381073,0.8634598255157471,0.9845671057701111,0.97491922192918,0.0,0.0,0.0,0.0,0.0,0.0,0.0,0.0,0.0,0.0,0.0,0.0,0.0,0.0,0.0,0.0,0.0,0.0
296,0.09757208109510188,97.13280487060547,0.9007849097251892,0.9788742065429688,0.8201829791069031,0.9892739653587341,0.8585964441299438,0.9840465784072876,0.9739928632767775,0.0,0.0,0.0,0.0,0.0,0.0,0.0,0.0,0.0,0.0,0.0,0.0,0.0,0.0,0.0,0.0,0.0,0.0
297,0.09564805753072914,97.2572021484375,0.9099241495132446,0.979224681854248,0.8230417370796204,0.9903261661529541,0.8643049597740173,0.984744131565094,0.9746314714907667,0.0,0.0,0.0,0.0,0.0,0.0,0.0,0.0,0.0,0.0,0.0,0.0,0.0,0.0,0.0,0.0,0.0,0.0
298,0.09589970552799654,97.29663848876953,0.9092621803283691,0.9797810316085815,0.8279016613960266,0.9901904463768005,0.8666766881942749,0.984958291053772,0.9746225102197789,0.0,0.0,0.0,0.0,0.0,0.0,0.0,0.0,0.0,0.0,0.0,0.0,0.0,0.0,0.0,0.0,0.0,0.0
299,0.09562197555692828,97.25416564941406,0.909377932548523,0.9792561531066895,0.8233276009559631,0.9902583360671997,0.8642159700393677,0.9847264885902405,0.9751726701554199,0.0,0.0,0.0,0.0,0.0,0.0,0.0,0.0,0.0,0.0,0.0,0.0,0.0,0.0,0.0,0.0,0.0,0.0
300,0.09727071096398393,97.19955444335938,0.9034785628318787,0.9793402552604675,0.8241852521896362,0.9895455241203308,0.8620123267173767,0.9844164848327637,0.9734743807305678,0.0,0.0,0.0,0.0,0.0,0.0,0.0,0.0,0.0,0.0,0.0,0.0,0.0,0.0,0.0,0.0,0.0,0.0
301,0.09812751404789029,97.2572021484375,0.9151728749275208,0.9785822033882141,0.817324161529541,0.9910050630569458,0.8634853363037109,0.9847544431686401,0.9738843819243042,0.0,0.0,0.0,0.0,0.0,0.0,0.0,0.0,0.0,0.0,0.0,0.0,0.0,0.0,0.0,0.0,0.0,0.0
302,0.10055466710912939,97.05998229980469,0.9030921459197998,0.9777010083198547,0.8098913431167603,0.9896812438964844,0.8539562821388245,0.9836546778678894,0.9722265322361515,0.0,0.0,0.0,0.0,0.0,0.0,0.0,0.0,0.0,0.0,0.0,0.0,0.0,0.0,0.0,0.0,0.0,0.0
303,0.09762302413582802,97.14493560791016,0.9026771783828735,0.9787805676460266,0.81932532787323,0.9895115494728088,0.8589839935302734,0.984116792678833,0.9748110413881856,0.0,0.0,0.0,0.0,0.0,0.0,0.0,0.0,0.0,0.0,0.0,0.0,0.0,0.0,0.0,0.0,0.0,0.0
304,0.09500625729560852,97.26326751708984,0.912063479423523,0.9790331721305847,0.821326494216919,0.9905977249145508,0.8643200993537903,0.9847814440727234,0.9752458255663324,0.0,0.0,0.0,0.0,0.0,0.0,0.0,0.0,0.0,0.0,0.0,0.0,0.0,0.0,0.0,0.0,0.0,0.0
305,0.09805212253514602,97.26933288574219,0.91343092918396,0.9789381623268127,0.8204688429832458,0.9907674789428711,0.8644577860832214,0.9848173260688782,0.9733589516032952,0.0,0.0,0.0,0.0,0.0,0.0,0.0,0.0,0.0,0.0,0.0,0.0,0.0,0.0,0.0,0.0,0.0,0.0
306,0.09800743425683099,97.27843475341797,0.9116809368133545,0.9792617559432983,0.8233276009559631,0.9905298352241516,0.8652546405792236,0.9848635196685791,0.9741147695544394,0.0,0.0,0.0,0.0,0.0,0.0,0.0,0.0,0.0,0.0,0.0,0.0,0.0,0.0,0.0,0.0,0.0,0.0
307,0.09785020222165147,97.21775817871094,0.903912365436554,0.9795054197311401,0.8256146311759949,0.989579439163208,0.862991213798523,0.9845166802406311,0.9728260204025093,0.0,0.0,0.0,0.0,0.0,0.0,0.0,0.0,0.0,0.0,0.0,0.0,0.0,0.0,0.0,0.0,0.0,0.0
308,0.09732231326705339,97.13887023925781,0.9093239307403564,0.9778805375099182,0.8113207817077637,0.9903940558433533,0.8575313687324524,0.9840975403785706,0.9736387402411177,0.0,0.0,0.0,0.0,0.0,0.0,0.0,0.0,0.0,0.0,0.0,0.0,0.0,0.0,0.0,0.0,0.0,0.0
309,0.09653860680302795,97.28450775146484,0.911736786365509,0.9793274998664856,0.8238993883132935,0.9905298352241516,0.8655954599380493,0.9848968386650085,0.9744892070685109,0.0,0.0,0.0,0.0,0.0,0.0,0.0,0.0,0.0,0.0,0.0,0.0,0.0,0.0,0.0,0.0,0.0,0.0
310,0.09642789315204231,97.26630401611328,0.9118300080299377,0.9790981411933899,0.8218982219696045,0.9905638098716736,0.8645316958427429,0.9847975969314575,0.9743392865089407,0.0,0.0,0.0,0.0,0.0,0.0,0.0,0.0,0.0,0.0,0.0,0.0,0.0,0.0,0.0,0.0,0.0,0.0
311,0.09410956444941004,97.3360824584961,0.9174633622169495,0.9792428016662598,0.8230417370796204,0.9912087321281433,0.8676913380622864,0.9851894378662109,0.9750755420103705,0.0,0.0,0.0,0.0,0.0,0.0,0.0,0.0,0.0,0.0,0.0,0.0,0.0,0.0,0.0,0.0,0.0,0.0
312,0.09552717984330897,97.19955444335938,0.910423994064331,0.9784722924232483,0.8164665699005127,0.9904619455337524,0.8608892560005188,0.9844306111335754,0.9736406664049413,0.0,0.0,0.0,0.0,0.0,0.0,0.0,0.0,0.0,0.0,0.0,0.0,0.0,0.0,0.0,0.0,0.0,0.0
313,0.09754818503041657,97.2814712524414,0.9135410189628601,0.9790695309638977,0.8216123580932617,0.9907674789428711,0.8651415109634399,0.9848837852478027,0.9734849722056985,0.0,0.0,0.0,0.0,0.0,0.0,0.0,0.0,0.0,0.0,0.0,0.0,0.0,0.0,0.0,0.0,0.0,0.0
314,0.09396836039971332,97.24202728271484,0.903900146484375,0.9798010587692261,0.8281875252723694,0.9895455241203308,0.8643890619277954,0.9846492409706116,0.9757987461750607,0.0,0.0,0.0,0.0,0.0,0.0,0.0,0.0,0.0,0.0,0.0,0.0,0.0,0.0,0.0,0.0,0.0,0.0
315,0.09791331859875699,97.16011047363281,0.904356062412262,0.9787519574165344,0.8190394639968872,0.9897152185440063,0.8595859408378601,0.9842029809951782,0.9729424635555735,0.0,0.0,0.0,0.0,0.0,0.0,0.0,0.0,0.0,0.0,0.0,0.0,0.0,0.0,0.0,0.0,0.0,0.0
316,0.09538910325084414,97.22686004638672,0.9034978151321411,0.9796686768531799,0.8270440101623535,0.9895115494728088,0.8635820746421814,0.9845655560493469,0.9749923385257083,0.0,0.0,0.0,0.0,0.0,0.0,0.0,0.0,0.0,0.0,0.0,0.0,0.0,0.0,0.0,0.0,0.0,0.0
317,0.09635903169305957,97.15100860595703,0.9055467247962952,0.978492796421051,0.8167524337768555,0.9898849129676819,0.8588607311248779,0.9841558933258057,0.9748275520569305,0.0,0.0,0.0,0.0,0.0,0.0,0.0,0.0,0.0,0.0,0.0,0.0,0.0,0.0,0.0,0.0,0.0,0.0
318,0.09580266566909089,97.32091522216797,0.9115517735481262,0.9797864556312561,0.8279016613960266,0.9904619455337524,0.8677153587341309,0.9850952625274658,0.974211480444857,0.0,0.0,0.0,0.0,0.0,0.0,0.0,0.0,0.0,0.0,0.0,0.0,0.0,0.0,0.0,0.0,0.0,0.0
319,0.0963563923248831,97.3148422241211,0.9138422608375549,0.9794309139251709,0.8247569799423218,0.9907674789428711,0.8670172691345215,0.9850665926933289,0.9731472530992267,0.0,0.0,0.0,0.0,0.0,0.0,0.0,0.0,0.0,0.0,0.0,0.0,0.0,0.0,0.0,0.0,0.0,0.0
320,0.09686031853970216,97.29663848876953,0.9131537079811096,0.9792980551719666,0.8236134648323059,0.9906995892524719,0.8660754561424255,0.9849658012390137,0.9740979677778119,0.0,0.0,0.0,0.0,0.0,0.0,0.0,0.0,0.0,0.0,0.0,0.0,0.0,0.0,0.0,0.0,0.0,0.0
321,0.09534577637606738,97.21168518066406,0.9071676731109619,0.9790211915969849,0.821326494216919,0.9900206923484802,0.8621155023574829,0.9844902157783508,0.9744202047967243,0.0,0.0,0.0,0.0,0.0,0.0,0.0,0.0,0.0,0.0,0.0,0.0,0.0,0.0,0.0,0.0,0.0,0.0
322,0.09688834017332719,97.25112915039062,0.910646378993988,0.9790624976158142,0.8216123580932617,0.9904280304908752,0.8638412952423096,0.9847124218940735,0.9738909269998661,0.0,0.0,0.0,0.0,0.0,0.0,0.0,0.0,0.0,0.0,0.0,0.0,0.0,0.0,0.0,0.0,0.0,0.0
323,0.09799644324396338,97.16313934326172,0.9064382910728455,0.9785277843475342,0.8170382976531982,0.989986777305603,0.859419584274292,0.9842239022254944,0.9744725556976228,0.0,0.0,0.0,0.0,0.0,0.0,0.0,0.0,0.0,0.0,0.0,0.0,0.0,0.0,0.0,0.0,0.0,0.0
324,0.0932970833869613,97.3998031616211,0.9172195792198181,0.9800295233726501,0.8299028277397156,0.9911068677902222,0.8713792562484741,0.9855371117591858,0.9755993275718424,0.0,0.0,0.0,0.0,0.0,0.0,0.0,0.0,0.0,0.0,0.0,0.0,0.0,0.0,0.0,0.0,0.0,0.0
325,0.09590789538865187,97.2147216796875,0.9121405482292175,0.9784438014030457,0.8161806464195251,0.99066561460495,0.8614966869354248,0.9845167994499207,0.9744754570728532,0.0,0.0,0.0,0.0,0.0,0.0,0.0,0.0,0.0,0.0,0.0,0.0,0.0,0.0,0.0,0.0,0.0,0.0
326,0.09549590222993676,97.25112915039062,0.9052532911300659,0.9797385931015015,0.8276157975196838,0.9897152185440063,0.8646953701972961,0.9847016334533691,0.9744201271679556,0.0,0.0,0.0,0.0,0.0,0.0,0.0,0.0,0.0,0.0,0.0,0.0,0.0,0.0,0.0,0.0,0.0,0.0
327,0.09681549493451508,97.29057312011719,0.9110129475593567,0.9794897437095642,0.8253287672996521,0.9904280304908752,0.8660566806793213,0.984928548336029,0.9740792786517452,0.0,0.0,0.0,0.0,0.0,0.0,0.0,0.0,0.0,0.0,0.0,0.0,0.0,0.0,0.0,0.0,0.0,0.0
328,0.09358013953481402,97.25416564941406,0.9148799777030945,0.9785814881324768,0.817324161529541,0.9909710884094238,0.8633549213409424,0.9847373366355896,0.9758152908063917,0.0,0.0,0.0,0.0,0.0,0.0,0.0,0.0,0.0,0.0,0.0,0.0,0.0,0.0,0.0,0.0,0.0,0.0
329,0.09298708696602559,97.3573226928711,0.915796160697937,0.9796980023384094,0.8270440101623535,0.9909710884094238,0.8691602945327759,0.9853023290634155,0.9753467090030683,0.0,0.0,0.0,0.0,0.0,0.0,0.0,0.0,0.0,0.0,0.0,0.0,0.0,0.0,0.0,0.0,0.0,0.0
330,0.0951987159039293,97.29057312011719,0.9133608341217041,0.9792002439498901,0.8227558732032776,0.9907335042953491,0.8656941652297974,0.9849331378936768,0.974063282273593,0.0,0.0,0.0,0.0,0.0,0.0,0.0,0.0,0.0,0.0,0.0,0.0,0.0,0.0,0.0,0.0,0.0,0.0
331,0.09214694866416406,97.31787872314453,0.911264955997467,0.9797857403755188,0.8279016613960266,0.9904280304908752,0.8675853610038757,0.9850781559944153,0.9761769632398086,0.0,0.0,0.0,0.0,0.0,0.0,0.0,0.0,0.0,0.0,0.0,0.0,0.0,0.0,0.0,0.0,0.0,0.0
332,0.09701514791469185,97.32698059082031,0.9150015711784363,0.9794336557388306,0.8247569799423218,0.9909031987190247,0.8675387501716614,0.985135018825531,0.9724449213697232,0.0,0.0,0.0,0.0,0.0,0.0,0.0,0.0,0.0,0.0,0.0,0.0,0.0,0.0,0.0,0.0,0.0,0.0
333,0.09329602323776605,97.381591796875,0.9160088300704956,0.9799610376358032,0.8293310403823853,0.9909710884094238,0.8705176115036011,0.9854353666305542,0.9759705386402145,0.0,0.0,0.0,0.0,0.0,0.0,0.0,0.0,0.0,0.0,0.0,0.0,0.0,0.0,0.0,0.0,0.0,0.0
334,0.09423633592621404,97.31181335449219,0.9175191521644592,0.9789480566978455,0.8204688429832458,0.9912426471710205,0.8662843108177185,0.9850569367408752,0.9750814272413983,0.0,0.0,0.0,0.0,0.0,0.0,0.0,0.0,0.0,0.0,0.0,0.0,0.0,0.0,0.0,0.0,0.0,0.0
335,0.09405291802725013,97.29057312011719,0.9117925763130188,0.9793931841850281,0.824471116065979,0.9905298352241516,0.8659360408782959,0.9849300384521484,0.9747666134734936,0.0,0.0,0.0,0.0,0.0,0.0,0.0,0.0,0.0,0.0,0.0,0.0,0.0,0.0,0.0,0.0,0.0,0.0
336,0.09565199577078527,97.35125732421875,0.9191951155662537,0.9792141318321228,0.8227558732032776,0.9914124011993408,0.8683058619499207,0.9852755069732666,0.9739167143064716,0.0,0.0,0.0,0.0,0.0,0.0,0.0,0.0,0.0,0.0,0.0,0.0,0.0,0.0,0.0,0.0,0.0,0.0
337,0.09351526938226758,97.28450775146484,0.9125198125839233,0.9792309999465942,0.8230417370796204,0.9906316995620728,0.8654741644859314,0.9848983287811279,0.9755528182357894,0.0,0.0,0.0,0.0,0.0,0.0,0.0,0.0,0.0,0.0,0.0,0.0,0.0,0.0,0.0,0.0,0.0,0.0
338,0.09552820946793167,97.31181335449219,0.9151303172111511,0.9792372584342957,0.8230417370796204,0.9909371733665466,0.8666465878486633,0.9850524663925171,0.9740234829742352,0.0,0.0,0.0,0.0,0.0,0.0,0.0,0.0,0.0,0.0,0.0,0.0,0.0,0.0,0.0,0.0,0.0,0.0
339,0.09394407340762567,97.28753662109375,0.9133333563804626,0.9791673421859741,0.8224700093269348,0.9907335042953491,0.8655235171318054,0.9849165081977844,0.9752265881870865,0.0,0.0,0.0,0.0,0.0,0.0,0.0,0.0,0.0,0.0,0.0,0.0,0.0,0.0,0.0,0.0,0.0,0.0
340,0.09548547810741834,97.28450775146484,0.9106974005699158,0.9794561862945557,0.8250429034233093,0.9903940558433533,0.8657566905021667,0.9848947525024414,0.9751527098582655,0.0,0.0,0.0,0.0,0.0,0.0,0.0,0.0,0.0,0.0,0.0,0.0,0.0,0.0,0.0,0.0,0.0,0.0
341,0.09423457063278373,97.24202728271484,0.9084884524345398,0.9792212247848511,0.8230417370796204,0.9901564717292786,0.8636568188667297,0.9846584796905518,0.9758033262724147,0.0,0.0,0.0,0.0,0.0,0.0,0.0,0.0,0.0,0.0,0.0,0.0,0.0,0.0,0.0,0.0,0.0,0.0
342,0.09458941263051665,97.27843475341797,0.913250744342804,0.9790688157081604,0.8216123580932617,0.9907335042953491,0.8650113344192505,0.9848665595054626,0.9747234470262933,0.0,0.0,0.0,0.0,0.0,0.0,0.0,0.0,0.0,0.0,0.0,0.0,0.0,0.0,0.0,0.0,0.0,0.0
343,0.09482050314545631,97.24506378173828,0.9111111164093018,0.9789325594902039,0.8204688429832458,0.9904959201812744,0.8634175062179565,0.9846802353858948,0.9755911862547241,0.0,0.0,0.0,0.0,0.0,0.0,0.0,0.0,0.0,0.0,0.0,0.0,0.0,0.0,0.0,0.0,0.0,0.0
344,0.09563512157420723,97.34215545654297,0.9135646820068359,0.9797912240028381,0.8279016613960266,0.9906995892524719,0.8686262965202332,0.9852151870727539,0.9736200268560606,0.0,0.0,0.0,0.0,0.0,0.0,0.0,0.0,0.0,0.0,0.0,0.0,0.0,0.0,0.0,0.0,0.0,0.0
345,0.09378321088698445,97.32698059082031,0.9113486409187317,0.9798845052719116,0.8287593126296997,0.9904280304908752,0.8680940270423889,0.9851279854774475,0.9758052184736519,0.0,0.0,0.0,0.0,0.0,0.0,0.0,0.0,0.0,0.0,0.0,0.0,0.0,0.0,0.0,0.0,0.0,0.0
346,0.09696621782317454,97.28753662109375,0.9094339609146118,0.97965008020401,0.8267581462860107,0.9902243614196777,0.866127610206604,0.9849088788032532,0.9736825956436402,0.0,0.0,0.0,0.0,0.0,0.0,0.0,0.0,0.0,0.0,0.0,0.0,0.0,0.0,0.0,0.0,0.0,0.0
347,0.09467066706595373,97.33911895751953,0.911718487739563,0.9799838662147522,0.829616904258728,0.9904619455337524,0.8687321543693542,0.9851950407028198,0.9742414548531749,0.0,0.0,0.0,0.0,0.0,0.0,0.0,0.0,0.0,0.0,0.0,0.0,0.0,0.0,0.0,0.0,0.0,0.0
348,0.09512871739511587,97.15100860595703,0.9050332307815552,0.9785570502281189,0.817324161529541,0.9898170232772827,0.8589454293251038,0.9841548204421997,0.9750149527563928,0.0,0.0,0.0,0.0,0.0,0.0,0.0,0.0,0.0,0.0,0.0,0.0,0.0,0.0,0.0,0.0,0.0,0.0
349,0.09392399873052325,97.32698059082031,0.9189881682395935,0.9789515733718872,0.8204688429832458,0.9914124011993408,0.8669385313987732,0.9851425886154175,0.974878068978168,0.0,0.0,0.0,0.0,0.0,0.0,0.0,0.0,0.0,0.0,0.0,0.0,0.0,0.0,0.0,0.0,0.0,0.0
350,0.0961332293037249,97.30574035644531,0.9142857193946838,0.9792680144309998,0.8233276009559631,0.9908353686332703,0.8664259910583496,0.9850177764892578,0.9736493268644504,0.0,0.0,0.0,0.0,0.0,0.0,0.0,0.0,0.0,0.0,0.0,0.0,0.0,0.0,0.0,0.0,0.0,0.0
